,area,perimeter,orientation,eccentricity,convex_area,centroid_0,centroid_1,major_axis_length,minor_axis_length,label
0,16331,537.0437226013956,1.3628442439048134,0.7908268862642688,17256,224.2375237278795,454.06068213826467,186.0897612597259,113.89435838132013,image_para39.BMP
1,199192,2335.278354061801,1.352191748844614,0.9166047336726937,230253,409.1790433350737,323.6743945539981,877.6208607902488,350.8681249164458,image_para39.BMP
