,area,perimeter,orientation,eccentricity,convex_area,centroid_0,centroid_1,major_axis_length,minor_axis_length,label
0,146325,2467.4196231337546,1.3761588888346281,0.8949602075360789,221385,230.29224671108832,330.6851187425252,794.8679105482311,354.6271153116902,image_let38.BMP
1,9536,426.43354954612926,-1.3534058406470695,0.7316367360236312,10100,375.20690016778525,677.8412332214765,134.13118696025967,91.4365214683553,image_let38.BMP
