,area,perimeter,orientation,eccentricity,convex_area,centroid_0,centroid_1,major_axis_length,minor_axis_length,label
0,173321,2033.5392847121504,1.3014819384368634,0.8455237047894067,196445,156.1636501058729,481.29937514784706,702.3947726686733,375.03517909127453,image_cyl02.BMP
1,6071,315.55739520663053,1.4535289253790717,0.7390764513679751,6332,264.28792620655577,270.6292208861802,107.71030123857552,72.55598058368072,image_cyl02.BMP
2,9133,405.3452377915607,-0.7558473816330643,0.8599996844694524,9436,341.1274499069309,350.1997153180773,152.07334525442357,77.6022015116405,image_cyl02.BMP
3,11519,472.71782079359116,-0.2767946626731033,0.789623531963208,12500,448.8853199062419,55.03420435801719,160.57465025205852,98.52725999312548,image_cyl02.BMP
