,area,perimeter,orientation,eccentricity,convex_area,centroid_0,centroid_1,major_axis_length,minor_axis_length,label
0,1623,165.33199846221441,-1.252971530812151,0.6604764420362857,1731,54.240911891558845,300.2322858903266,53.020014085199044,39.8099062328058,image_let97.BMP
1,36329,726.3401871576773,0.6600664443717005,0.5551998402388981,36739,291.43535467532826,426.82474056538854,237.04313802174224,197.1528032525919,image_let97.BMP
2,2655,220.54520189781078,1.215488767514841,0.3308000963308177,2844,391.58079096045196,613.5947269303201,60.58184432176156,57.17113804446538,image_let97.BMP
3,1522,149.04772721475248,1.0917525178386391,0.5513061501866054,1556,383.6274638633377,295.030223390276,48.477720896314565,40.44510893446425,image_let97.BMP
