,area,perimeter,orientation,eccentricity,convex_area,centroid_0,centroid_1,major_axis_length,minor_axis_length,label
0,149654,2576.9566363361027,0.9126818903435873,0.7615002056397021,196221,258.14774078875274,478.909364266909,606.241543091867,392.9443484905809,image_let64.BMP
1,20614,636.0914498161482,-0.4119974345744955,0.7352251320149444,22703,144.36843892500244,139.96672164548366,204.67270534608903,138.73186503072765,image_let64.BMP
2,2403,198.53910524340094,1.3618953143989143,0.6142317132918014,2534,92.89846025801081,596.1210986267166,62.69253156057991,49.47228912309261,image_let64.BMP
