,area,perimeter,orientation,eccentricity,convex_area,centroid_0,centroid_1,major_axis_length,minor_axis_length,label
0,70915,1020.7321061434639,0.6405629949935524,0.34080244012436517,71610,293.17526616371714,363.61011069590353,310.2454448121008,291.6725812241118,image_inter19.BMP
