,area,perimeter,orientation,eccentricity,convex_area,centroid_0,centroid_1,major_axis_length,minor_axis_length,label
0,77354,1095.3544725075503,-0.29688502830861363,0.3150168811396603,78266,293.73330403081934,348.51989554515603,325.6977476388133,309.11519468448415,image_super48.BMP
