,area,perimeter,orientation,eccentricity,convex_area,centroid_0,centroid_1,major_axis_length,minor_axis_length,label
0,26297,720.1686142824235,-1.3031168229505377,0.8032479086288411,28685,80.52572536791268,624.9251245389208,240.26824040471348,143.11454202279734,image_svar60.BMP
1,149751,1910.3677118368964,1.0693861751166318,0.6001533200442836,166328,380.3492330602133,233.9386848835734,507.31466640554726,405.7933853464631,image_svar60.BMP
