,area,perimeter,orientation,eccentricity,convex_area,centroid_0,centroid_1,major_axis_length,minor_axis_length,label
0,96194,1429.9524522539969,1.487293119491084,0.8769548490280653,102708,294.48916772355864,251.0731750421024,511.44220915789543,245.78520207694186,image_svar81.BMP
