,area,perimeter,orientation,eccentricity,convex_area,centroid_0,centroid_1,major_axis_length,minor_axis_length,label
0,8153,357.60512242138304,1.1056154344828384,0.7425312891649642,8320,147.08303691892556,375.45038636084877,124.57457415694654,83.44146741349458,image_cyl28.BMP
1,71104,1213.8448045156722,0.8703695094376306,0.7561841321273831,79113,342.3473644239424,595.4256863186318,379.35216479552855,248.23246187956136,image_cyl28.BMP
