,area,perimeter,orientation,eccentricity,convex_area,centroid_0,centroid_1,major_axis_length,minor_axis_length,label
0,115542,1734.0916292848974,-0.9559587339043463,0.5249556721584098,145516,343.36075193436153,329.788985823337,450.486988275941,383.4227959180391,image_super47.BMP
1,4422,289.76450198781714,-1.0187560506336075,0.8902051474223858,4672,415.2858435097241,593.803934871099,112.73361942363344,51.35691305235185,image_super47.BMP
