,area,perimeter,orientation,eccentricity,convex_area,centroid_0,centroid_1,major_axis_length,minor_axis_length,label
0,30390,725.9970414071697,1.339186045882807,0.7104849148090353,31772,309.1020401447845,437.1150378413952,241.7200302440048,170.10139015332717,image_super09.BMP
