,area,perimeter,orientation,eccentricity,convex_area,centroid_0,centroid_1,major_axis_length,minor_axis_length,label
0,89400,1546.3149339882607,1.0816466939283802,0.9106307910683512,106700,247.65460850111856,303.26649888143174,556.974001158079,230.1533318410368,image_svar86.BMP
1,4035,259.5218613006979,1.070030829042607,0.8059002268523604,4157,86.50235439900868,695.4815365551425,93.89816153831194,55.59253515072592,image_svar86.BMP
