,area,perimeter,orientation,eccentricity,convex_area,centroid_0,centroid_1,major_axis_length,minor_axis_length,label
0,99999,1658.4743135546946,1.3465919160630755,0.9041059556388498,118950,307.85170851708517,471.5692556925569,569.8093827590725,243.48430382667766,image_mod99.BMP
1,3746,226.7523086789974,1.3721799978090239,0.5515138698084987,3784,299.86465563267484,58.04244527495996,75.6662780021374,63.11821540478956,image_mod99.BMP
2,12107,422.7766952966369,1.2614756759412058,0.5329331050747516,12358,504.56397125629803,696.0163541752705,135.2413048840501,114.4354277119508,image_mod99.BMP
