,area,perimeter,orientation,eccentricity,convex_area,centroid_0,centroid_1,major_axis_length,minor_axis_length,label
0,95815,1688.7636354360397,-0.7470262790451125,0.8850505482129221,127755,241.23491102645724,518.18071283202,578.3966927332239,269.2407262890188,image_super11.BMP
