,area,perimeter,orientation,eccentricity,convex_area,centroid_0,centroid_1,major_axis_length,minor_axis_length,label
0,24118,680.4163056034262,-1.5101010989887245,0.7569083624980899,26172,302.5488431876607,288.9007380379799,222.5151782615294,145.41834748847344,image_mod32.BMP
1,4138,246.93607486307093,1.4538958968675413,0.6087958457920466,4221,527.1452392460126,48.85427742870952,82.13913358137673,65.16318669163037,image_mod32.BMP
