,area,perimeter,orientation,eccentricity,convex_area,centroid_0,centroid_1,major_axis_length,minor_axis_length,label
0,100488,1657.2611101190982,1.3417238578696884,0.9018225487222592,120487,307.04892126423056,471.0966483560226,569.524912802821,246.09545843211382,image_let54.BMP
1,3746,226.7523086789974,1.3721799978090239,0.5515138698084987,3784,299.86465563267484,58.04244527495996,75.6662780021374,63.11821540478956,image_let54.BMP
2,12107,422.7766952966369,1.2614756759412058,0.5329331050747516,12358,504.56397125629803,696.0163541752705,135.2413048840501,114.4354277119508,image_let54.BMP
