,area,perimeter,orientation,eccentricity,convex_area,centroid_0,centroid_1,major_axis_length,minor_axis_length,label
0,2705,196.42640687119285,-0.03142203076430656,0.5884955230219167,2740,109.30277264325323,736.4617375231054,65.72880829003907,53.14177277684625,image_cyl23.BMP
1,8164,354.19090885900994,1.3124916119013788,0.565203279354841,8322,218.91670749632533,518.6433121019109,112.93445787624773,93.16546929499687,image_cyl23.BMP
2,14704,547.570634535977,-0.8993770303633072,0.8972251436003675,16359,370.2141594124048,325.7910092491839,214.23463800236493,94.60031121853248,image_cyl23.BMP
