,area,perimeter,orientation,eccentricity,convex_area,centroid_0,centroid_1,major_axis_length,minor_axis_length,label
0,194905,2477.843937963895,0.8300510657002559,0.8775397464959949,237460,234.15291039224238,354.6962468895103,796.8496738338181,382.0925289797256,image_let65.BMP
1,15883,502.5168106668145,1.000500400249125,0.7632077774646305,16196,94.83630296543474,680.8859157589876,177.87599975061607,114.93513688242574,image_let65.BMP
