,area,perimeter,orientation,eccentricity,convex_area,centroid_0,centroid_1,major_axis_length,minor_axis_length,label
0,114978,1964.1088732276007,1.1348244359846822,0.9016997634020893,149947,268.03713753935534,257.02937083615996,620.2510653281084,268.1734484723465,image_para41.BMP
1,3709,239.6812408671319,0.4720404705838749,0.7335355241294609,3808,205.99703424103532,594.5341062280938,84.03641082289329,57.115440113558684,image_para41.BMP
