,area,perimeter,orientation,eccentricity,convex_area,centroid_0,centroid_1,major_axis_length,minor_axis_length,label
0,183890,2212.8590898655452,1.2595586109760688,0.8989395241840503,211109,290.2721192016967,316.07559410517155,773.7155081782206,338.9436782368905,image_mod03.BMP
