,area,perimeter,orientation,eccentricity,convex_area,centroid_0,centroid_1,major_axis_length,minor_axis_length,label
0,173031,2581.7434329005064,1.0785629378902117,0.933883823997446,231934,237.19339887072258,360.7765198143685,889.100330822578,317.9214465110086,image_svar18.BMP
1,2244,173.63961030678925,0.6190155100637669,0.28354651817493526,2266,183.41042780748663,685.4113190730837,54.68681249716776,52.44238274991473,image_svar18.BMP
