,area,perimeter,orientation,eccentricity,convex_area,centroid_0,centroid_1,major_axis_length,minor_axis_length,label
0,144891,2095.5952006223656,1.206732800889458,0.7497989566725547,180970,242.8986548508879,517.758604744256,565.7294822348948,374.32380499564397,image_cyl31.BMP
