,area,perimeter,orientation,eccentricity,convex_area,centroid_0,centroid_1,major_axis_length,minor_axis_length,label
0,34944,895.2935059634514,1.3299562598088148,0.9388708253141728,37311,287.01625457875457,393.01797161172163,364.0966079662848,125.34740198832806,image_mod12.BMP
