,area,perimeter,orientation,eccentricity,convex_area,centroid_0,centroid_1,major_axis_length,minor_axis_length,label
0,6149,295.17871555019025,-0.2830495425997584,0.2609028672069269,6244,51.022117417466255,49.86388030574077,90.14982437528208,87.02749037490719,image_let87.BMP
1,83700,1477.9453095790604,-0.5755890629623333,0.8738190333983678,99899,385.09301075268814,176.8737753882915,509.3448321854478,247.66957114841358,image_let87.BMP
2,2561,190.95331880577402,0.7735630371661996,0.6003640716280111,2611,219.08785630613042,644.0780944943382,63.930715232118665,51.12710738789688,image_let87.BMP
3,10878,421.7888886054567,-0.8884413031789984,0.7595243336146188,11101,280.10001838573265,446.80281301709874,146.18108727858058,95.08771142698109,image_let87.BMP
4,10733,415.1198410471445,1.3343684868761867,0.7745174574722689,10981,517.3985838069506,533.6387776017889,147.9115541207602,93.56182834368357,image_let87.BMP
