,area,perimeter,orientation,eccentricity,convex_area,centroid_0,centroid_1,major_axis_length,minor_axis_length,label
0,182376,3109.250142299554,-0.5068714302978972,0.7660042792945533,224706,273.61934684388297,365.95210992674475,677.206623485705,435.3324394715394,image_mod19.BMP
1,9057,419.77669529663694,0.0005724948003607243,0.8972220833858642,9989,89.08501711383461,721.9890692282213,166.05415099355668,73.32612368417522,image_mod19.BMP
