,area,perimeter,orientation,eccentricity,convex_area,centroid_0,centroid_1,major_axis_length,minor_axis_length,label
0,1750,160.42640687119285,-1.3990970183918574,0.6549378347103695,1798,79.22914285714286,343.636,54.80578619994911,41.41578773979205,image_svar50.BMP
1,1146,128.42640687119285,0.34315672316115486,0.5216585655614587,1197,83.71204188481676,183.07068062827224,41.741757063337474,35.61216151865965,image_svar50.BMP
2,38531,1293.589970519733,-1.4078356508568943,0.9511480296205248,51343,227.5849835197633,173.78025485972333,457.8448893018576,141.3528349727663,image_svar50.BMP
3,3711,227.6812408671319,1.542293330280116,0.657189368770579,3759,300.8108326596605,520.8043654001617,79.28506773644241,59.75917754438277,image_svar50.BMP
4,9646,379.74725804511405,0.9443269640149483,0.6748157010470787,9791,341.30323450134773,372.5062201948994,129.42143838505078,95.51124763308054,image_svar50.BMP
5,18882,601.2447327281724,-1.3106767161633401,0.5481783587280064,20307,483.1777354093846,86.93570596335134,174.38579841511336,145.84956047041905,image_svar50.BMP
