,area,perimeter,orientation,eccentricity,convex_area,centroid_0,centroid_1,major_axis_length,minor_axis_length,label
0,158161,2290.3159800087874,-1.213878702977614,0.8694244285684835,198438,180.98017842578133,402.15425420931837,712.8900548569154,352.21470224097334,image_svar84.BMP
1,34412,795.6417023478424,0.00033738896559805983,0.6516271213970115,36377,354.58005928164596,667.1192607230035,245.51323285719715,186.23147220711962,image_svar84.BMP
2,6736,373.42135623730945,1.4626451843481683,0.9187314206668691,7058,477.0877375296912,381.85718527315913,149.00329647653723,58.838867400066526,image_svar84.BMP
