,area,perimeter,orientation,eccentricity,convex_area,centroid_0,centroid_1,major_axis_length,minor_axis_length,label
0,207027,2616.376946552886,-0.9213242887567064,0.8269228976319992,232656,339.762465765335,508.5811947233936,738.5735029118584,415.3111971210142,image_mod49.BMP
