,area,perimeter,orientation,eccentricity,convex_area,centroid_0,centroid_1,major_axis_length,minor_axis_length,label
0,33590,753.1513703397205,1.0831470205238511,0.509589797252392,35745,293.08267341470673,421.93387913069364,226.83870247359422,195.17598457041115,image_let21.BMP
