,area,perimeter,orientation,eccentricity,convex_area,centroid_0,centroid_1,major_axis_length,minor_axis_length,label
0,117859,2413.323122683724,-0.5946812430108112,0.8334710496714322,180843,325.25467719902593,566.3840351606581,673.2049447156202,371.9882293880377,image_let92.BMP
1,12849,530.8010819142764,-0.7040678385890753,0.8080227918414041,13984,243.38610008560977,286.5622227410693,168.4883337516767,99.26510850624705,image_let92.BMP
2,24353,883.4528855298854,-0.3486993420806563,0.8010438116530529,29804,319.6255081509465,83.11440068985341,249.83293328573922,149.55142370129028,image_let92.BMP
3,19810,583.0670631985085,-1.2396381979515625,0.6708448386179878,20561,498.790358404846,163.14795557799093,187.18669449379598,138.81722890388622,image_let92.BMP
