,area,perimeter,orientation,eccentricity,convex_area,centroid_0,centroid_1,major_axis_length,minor_axis_length,label
0,407530,2586.156420973604,-1.5660539920910328,0.6814978354860007,411422,283.6116825755159,382.4318749539911,860.4420420678659,629.6888056460205,image_super29.BMP
