,area,perimeter,orientation,eccentricity,convex_area,centroid_0,centroid_1,major_axis_length,minor_axis_length,label
0,185905,2722.94235098623,-0.5467957931232778,0.6100537952074472,246138,245.89720556198057,204.05212877544983,622.3438806620827,493.12039624188645,image_let17.BMP
1,12407,465.40411229460636,-0.216085725010936,0.8405030719610233,12774,414.86410897074234,713.1089707423229,173.00020040303914,93.73268138723311,image_let17.BMP
2,5845,300.1076477383248,1.311961790142322,0.7503010323381897,5961,525.6006843455946,531.7893926432848,106.44224049544205,70.36857481681719,image_let17.BMP
