,area,perimeter,orientation,eccentricity,convex_area,centroid_0,centroid_1,major_axis_length,minor_axis_length,label
0,79167,1311.4427842621187,0.10107694562671454,0.697589829157905,88090,167.25532103022724,355.6899213055945,389.8034503033689,279.2931330967417,image_svar33.BMP
1,5074,270.492424049175,-0.7484870399552993,0.7038049567096478,5129,511.50867165944027,117.69925108395744,95.58818133726864,67.90519969424379,image_svar33.BMP
