,area,perimeter,orientation,eccentricity,convex_area,centroid_0,centroid_1,major_axis_length,minor_axis_length,label
0,198001,3089.5058428472703,1.4975218021587053,0.9004105851506271,290037,152.05808556522442,384.78450108837836,874.1845544019396,380.30622970127416,image_para25.BMP
