,area,perimeter,orientation,eccentricity,convex_area,centroid_0,centroid_1,major_axis_length,minor_axis_length,label
0,159009,2262.0378054157354,-1.2135459862643023,0.8671020126690236,199395,181.48901005603457,402.42979328214125,711.0535016744402,354.1975109676517,image_svar85.BMP
1,34412,795.6417023478424,0.00033738896559805983,0.6516271213970115,36377,354.58005928164596,667.1192607230035,245.51323285719715,186.23147220711962,image_svar85.BMP
2,6736,373.42135623730945,1.4626451843481683,0.9187314206668691,7058,477.0877375296912,381.85718527315913,149.00329647653723,58.838867400066526,image_svar85.BMP
