,area,perimeter,orientation,eccentricity,convex_area,centroid_0,centroid_1,major_axis_length,minor_axis_length,label
0,401968,2641.0752518939717,1.5625816734756124,0.6927353104292877,410860,286.1603510727222,383.18318871153923,861.9236954139648,621.6124073055458,image_svar26.BMP
