,area,perimeter,orientation,eccentricity,convex_area,centroid_0,centroid_1,major_axis_length,minor_axis_length,label
0,15021,566.0315292925759,-0.9016390629948096,0.7407013417654826,17457,85.41248918181213,309.61320817522136,181.7592150793659,122.11210149718107,image_let71.BMP
1,3690,231.53910524340094,-1.2805585210313961,0.6883210936469032,3748,69.24146341463414,79.92737127371274,80.77048206605367,58.59140384923356,image_let71.BMP
2,1828,166.5685424949238,1.5190228871188114,0.6510782622177014,1897,72.29102844638949,476.5749452954048,56.03515546946923,42.53127717903649,image_let71.BMP
3,18390,647.1269837220809,0.8097471070037779,0.9107668227614895,20739,164.76188145731376,681.7399673735725,253.73951196807738,104.77438602292005,image_let71.BMP
4,75657,1420.4082963767123,0.7446106918626538,0.8929216167207155,91170,329.9442483841548,161.42462693471853,495.1149625911497,222.90677531637408,image_let71.BMP
5,25911,652.9137802864844,0.05596107676855188,0.33266278438605146,26767,253.0625988962217,449.7117054532824,187.97776935329355,177.271654950221,image_let71.BMP
