,area,perimeter,orientation,eccentricity,convex_area,centroid_0,centroid_1,major_axis_length,minor_axis_length,label
0,410561,2573.244732728172,-1.5662884445975793,0.6782239863666447,413584,282.152710559454,383.5668024970711,861.7492314566824,633.2609386311336,image_cyl45.BMP
