,area,perimeter,orientation,eccentricity,convex_area,centroid_0,centroid_1,major_axis_length,minor_axis_length,label
0,4885,302.00104602052653,1.5206965624696116,0.8640972596346419,5066,33.06018423746162,702.5834186284544,111.91876599759888,56.33149847208868,image_let47.BMP
1,97872,1576.212336883819,0.6069808332838939,0.6889423842154611,115545,368.48049493215626,154.96098986431258,448.39753471475535,325.00575620091496,image_let47.BMP
2,22417,672.080302527855,0.9385122361942142,0.9220580755800434,23082,286.2424499263951,365.09840745862516,272.39491110117154,105.43087357436477,image_let47.BMP
