,area,perimeter,orientation,eccentricity,convex_area,centroid_0,centroid_1,major_axis_length,minor_axis_length,label
0,5295,294.07821048680194,0.6731142576761814,0.824083402108059,5429,82.19357884796979,718.3920679886686,109.64412052582165,62.109939024571055,image_mod10.BMP
1,106773,1615.4316369738253,1.234731170726603,0.7877494658116032,116781,416.47374336208594,530.1529693836457,479.1023702408809,295.1250297537035,image_mod10.BMP
