,area,perimeter,orientation,eccentricity,convex_area,centroid_0,centroid_1,major_axis_length,minor_axis_length,label
0,149008,3533.627775935468,-0.9212208409740047,0.7898775854397179,237446,270.5900958337807,513.1483410286696,686.5122387670832,421.01361454990916,image_mod64.BMP
1,2312,182.46803743153546,1.546453439741627,0.5552415565739675,2359,95.53806228373702,211.1794982698962,59.7401931117468,49.68526941087845,image_mod64.BMP
