,area,perimeter,orientation,eccentricity,convex_area,centroid_0,centroid_1,major_axis_length,minor_axis_length,label
0,84305,1193.1240251292506,-0.16095318435772,0.6132378520875031,86827,323.4741355791471,334.24875155684714,373.06414505260244,294.6827369019446,image_super40.BMP
