,area,perimeter,orientation,eccentricity,convex_area,centroid_0,centroid_1,major_axis_length,minor_axis_length,label
0,283985,2112.638743755012,0.9435460027545418,0.4919598788914385,287411,297.2086800359174,277.92784830184695,655.5115114784402,570.7000366359327,image_inter40.BMP
1,2699,193.78174593052023,0.010329073348176092,0.4651146524426726,2734,446.15190811411634,701.7380511300481,62.37483008366856,55.21734643046603,image_inter40.BMP
