,area,perimeter,orientation,eccentricity,convex_area,centroid_0,centroid_1,major_axis_length,minor_axis_length,label
0,222328,2314.344371239783,1.3920148485774175,0.9120911690953789,247019,224.7937371811018,368.72804595012775,850.2356325396113,348.585928619447,image_mod07.BMP
