,area,perimeter,orientation,eccentricity,convex_area,centroid_0,centroid_1,major_axis_length,minor_axis_length,label
0,15562,600.0142853498728,-0.2990910387906507,0.9119225990995402,17208,123.59227605706208,67.71815961958617,229.42741724834556,94.14835032249363,image_svar03.BMP
1,101760,1625.7686860699232,-1.093154253947066,0.9342819740740694,119746,388.3142295597484,252.2915192610063,636.1279206135135,226.80185630681413,image_svar03.BMP
