,area,perimeter,orientation,eccentricity,convex_area,centroid_0,centroid_1,major_axis_length,minor_axis_length,label
0,242445,2111.430590953299,0.06077728843171707,0.577155576160584,257474,280.8812802903751,538.0734764585783,630.0567811872157,514.5259248323545,image_mod89.BMP
