,area,perimeter,orientation,eccentricity,convex_area,centroid_0,centroid_1,major_axis_length,minor_axis_length,label
0,3873,236.86500705120542,-0.8463361578586048,0.41285068152657567,3933,159.4265427317325,622.1662793699974,73.61650680906418,67.04982043159117,image_svar27.BMP
1,71993,1149.0407640085655,1.1307063505572108,0.6786501166206229,76632,274.63757587543233,364.22657758393177,360.55138972167396,264.81119410489026,image_svar27.BMP
