,area,perimeter,orientation,eccentricity,convex_area,centroid_0,centroid_1,major_axis_length,minor_axis_length,label
0,222831,3159.478497636801,-1.542810145150845,0.8890046017304065,280531,380.93410252612966,364.68258904730493,877.5958553540045,401.84961667457304,image_inter08.BMP
