,area,perimeter,orientation,eccentricity,convex_area,centroid_0,centroid_1,major_axis_length,minor_axis_length,label
0,84925,1409.744299452284,1.552523856658262,0.921989617143282,95713,96.87308801884015,261.77040918457465,545.4825784890663,211.21881803288613,image_para19.BMP
1,11827,430.9604614807105,1.2561744622126259,0.8077482618001384,11955,296.06603534285955,400.967447366196,160.66002372411197,94.71351198809089,image_para19.BMP
