,area,perimeter,orientation,eccentricity,convex_area,centroid_0,centroid_1,major_axis_length,minor_axis_length,label
0,75938,1385.1240251292506,0.9892486883884399,0.9163486010239339,87622,364.962271853354,384.2115673312439,508.14791895531494,203.4529599275809,image_mod38.BMP
