,area,perimeter,orientation,eccentricity,convex_area,centroid_0,centroid_1,major_axis_length,minor_axis_length,label
0,115375,1995.3393206059,1.037217940385239,0.9023926588147567,149092,203.303826652221,301.08520043336944,629.8069435257025,271.39307790362096,image_let39.BMP
