,area,perimeter,orientation,eccentricity,convex_area,centroid_0,centroid_1,major_axis_length,minor_axis_length,label
0,65551,1515.1707063234767,1.2370137122539813,0.7768212099792134,91464,156.02376775335236,619.5452243291483,446.0529777879062,280.88902281011434,image_mod65.BMP
1,34110,752.6660889654819,-1.1534746803060503,0.2682677933788068,35489,299.68988566402817,371.230460275579,216.69280888876926,208.74979924230067,image_mod65.BMP
