,area,perimeter,orientation,eccentricity,convex_area,centroid_0,centroid_1,major_axis_length,minor_axis_length,label
0,43884,830.6316010800757,0.7085550548026287,0.49013800266548024,44832,281.69312277823354,375.73694284933003,258.1874128582901,225.047727836224,image_super22.BMP
