,area,perimeter,orientation,eccentricity,convex_area,centroid_0,centroid_1,major_axis_length,minor_axis_length,label
0,17443,548.9188309203679,-1.3060886731498553,0.7749978471733263,18139,62.48002063865161,86.09717365132144,191.555904950733,121.05641160377243,image_mod78.BMP
1,134789,1881.3260812765539,1.4554423334733486,0.38466802440382564,155613,381.0082499313742,219.0640853482109,458.84736579011275,423.5413497554304,image_mod78.BMP
