,area,perimeter,orientation,eccentricity,convex_area,centroid_0,centroid_1,major_axis_length,minor_axis_length,label
0,397907,2671.401153701776,-1.5573455056076597,0.6820970061242588,408612,282.2798870087734,378.4658525735913,851.6687784660563,622.7927589814964,image_mod05.BMP
