,area,perimeter,orientation,eccentricity,convex_area,centroid_0,centroid_1,major_axis_length,minor_axis_length,label
0,189811,2271.817459305202,-1.3315519006833103,0.8910401324520132,222252,404.7086839013545,408.7499354621176,770.7094874428307,349.84394476094974,image_let94.BMP
