,area,perimeter,orientation,eccentricity,convex_area,centroid_0,centroid_1,major_axis_length,minor_axis_length,label
0,75803,1375.8813844421313,0.9892900035739057,0.9160141853765136,87660,365.06834821840823,384.5234093637455,507.2673666048182,203.48821110420164,image_mod35.BMP
