,area,perimeter,orientation,eccentricity,convex_area,centroid_0,centroid_1,major_axis_length,minor_axis_length,label
0,52994,912.7077195258245,-1.425518883469209,0.4903854313853966,54380,286.08825527418196,381.1589425217949,280.8629715118306,244.7736714957332,image_inter06.BMP
