,area,perimeter,orientation,eccentricity,convex_area,centroid_0,centroid_1,major_axis_length,minor_axis_length,label
0,125030,1687.6509370638319,0.985835316962453,0.3633340321436697,143284,217.07297448612334,181.74450931776374,436.07354391541827,406.2718158277066,image_svar64.BMP
1,3420,222.7878425849301,0.972898925108775,0.41813046388906716,3514,427.7546783625731,659.6298245614036,69.35497632868685,63.00115786679581,image_svar64.BMP
