,area,perimeter,orientation,eccentricity,convex_area,centroid_0,centroid_1,major_axis_length,minor_axis_length,label
0,179525,2206.647978471002,-0.814610029878582,0.8093159110030967,208254,238.40045676089682,482.2352262916028,653.0415709568084,383.5793841639993,image_super32.BMP
