,area,perimeter,orientation,eccentricity,convex_area,centroid_0,centroid_1,major_axis_length,minor_axis_length,label
0,3768,228.65180361560905,1.1686463753714498,0.6033084930842655,3814,191.13083864118897,252.58067940552016,77.58731533442138,61.876497483743584,image_cyl14.BMP
1,7604,433.5096679918781,1.5472080123922085,0.9536625233116216,8325,311.0608890057864,370.5773277222514,182.1805846135535,54.814196768060135,image_cyl14.BMP
2,36047,1214.523953341751,1.4737249197566509,0.9873967012989832,43673,405.1890309873221,243.66343939856299,559.9918094627825,88.62700472048039,image_cyl14.BMP
