,area,perimeter,orientation,eccentricity,convex_area,centroid_0,centroid_1,major_axis_length,minor_axis_length,label
0,52383,914.1808075912431,0.34800097338947417,0.4927847425920447,53706,150.4452589580589,639.256858141,280.84329298912854,244.37614238275364,image_inter10.BMP
1,53575,892.8742417671949,0.5946038930045846,0.5329775728100313,54097,288.8575268315446,376.54260382641155,284.78619092299425,240.96595965488092,image_inter10.BMP
