,area,perimeter,orientation,eccentricity,convex_area,centroid_0,centroid_1,major_axis_length,minor_axis_length,label
0,31073,864.0559159102154,1.4113614684613358,0.9115474234495806,34039,79.43227239082161,152.41994657741446,322.78570999836603,132.72785698301465,image_let50.BMP
1,25953,788.1564209736038,-1.4198377301558387,0.9570634552821471,27808,289.97017685816667,333.48938465687974,343.21963835799056,99.49199263602284,image_let50.BMP
