,area,perimeter,orientation,eccentricity,convex_area,centroid_0,centroid_1,major_axis_length,minor_axis_length,label
0,100848,1870.5992052357226,1.4289890158463054,0.9231888269663664,128367,315.7090076154212,280.71225011899094,623.315507562591,239.56926160447676,image_cyl39.BMP
