,area,perimeter,orientation,eccentricity,convex_area,centroid_0,centroid_1,major_axis_length,minor_axis_length,label
0,48971,913.2346314604057,-1.3306015648223788,0.6844473716061971,51505,286.427171182945,365.5544097527108,297.6141093863276,216.9792185740537,image_para17.BMP
