,area,perimeter,orientation,eccentricity,convex_area,centroid_0,centroid_1,major_axis_length,minor_axis_length,label
0,166777,2229.8834764831845,0.19936192871061703,0.731699944404833,193611,301.2828147766179,177.7058287413732,593.5784109456775,404.5989949846814,image_svar62.BMP
1,30498,903.636651713959,0.5405616682488011,0.9236046800903817,36986,313.2988064791134,670.5965637090957,340.1748066496292,130.40475756051842,image_svar62.BMP
2,995,117.84062043356595,0.3022507043509876,0.664991357266815,1014,511.6030150753769,414.69849246231155,41.31415425601586,30.855519593127298,image_svar62.BMP
