,area,perimeter,orientation,eccentricity,convex_area,centroid_0,centroid_1,major_axis_length,minor_axis_length,label
0,174925,1997.7535341682733,0.9872073894939803,0.8785466368585109,190787,348.46012862655425,464.9854394740603,700.1374563192492,334.42526177739944,image_mod68.BMP
