,area,perimeter,orientation,eccentricity,convex_area,centroid_0,centroid_1,major_axis_length,minor_axis_length,label
0,150412,1819.2611101190985,-1.3234114425241665,0.5202789209962138,172393,203.5573026088344,209.22732893652102,507.15866388022243,433.11167114973625,image_svar54.BMP
1,5352,306.2497833620557,-0.443181599123068,0.8390071107224081,5592,481.54073243647235,368.5984678624813,112.6142176393793,61.27569919734242,image_svar54.BMP
2,1304,135.84062043356596,-0.1101770727721786,0.4946369733487033,1334,531.9294478527607,472.7584355828221,43.96477769392324,38.209774498741595,image_svar54.BMP
