,area,perimeter,orientation,eccentricity,convex_area,centroid_0,centroid_1,major_axis_length,minor_axis_length,label
0,39527,978.4945160902281,-0.16759568172916098,0.8758536545280906,47693,330.7131074961419,78.34685151921471,352.9376860019212,170.3195420179366,image_let48.BMP
1,45497,1159.56053326821,-1.4692181623179223,0.9625542896835814,52463,331.90436732092223,366.6929467877003,497.5141319129575,134.8706025331118,image_let48.BMP
