,area,perimeter,orientation,eccentricity,convex_area,centroid_0,centroid_1,major_axis_length,minor_axis_length,label
0,95550,1226.999133448223,0.08615171867984994,0.5167268367684456,97210,282.87111459968605,476.7223233908948,379.94205029068956,325.28750920863143,image_inter43.BMP
1,3946,234.45079348883237,0.6698515673440104,0.5876255773752117,3993,206.18297009630004,60.097567156614296,78.85440725815714,63.80370160356807,image_inter43.BMP
