,area,perimeter,orientation,eccentricity,convex_area,centroid_0,centroid_1,major_axis_length,minor_axis_length,label
0,92946,1192.3889603929565,1.4415917076087355,0.5514780188087921,94486,281.70884169302605,415.41147548038646,378.543233230884,315.7767616102076,image_super14.BMP
