,area,perimeter,orientation,eccentricity,convex_area,centroid_0,centroid_1,major_axis_length,minor_axis_length,label
0,407483,2606.8254685319152,1.570415775022487,0.6839771848021358,411610,284.30638087969317,382.8291830579435,861.9851430626068,628.8210926482702,image_para42.BMP
