,area,perimeter,orientation,eccentricity,convex_area,centroid_0,centroid_1,major_axis_length,minor_axis_length,label
0,5286,308.0660171779822,-1.347484332887686,0.8546003199293716,5528,44.77582292849035,270.6275066212637,114.981693509475,59.70842171187582,image_mod24.BMP
1,30467,902.097546470558,1.5046347826849666,0.9557342153547363,33383,309.56254307939736,387.72501394951917,367.0531355319056,107.9985534848224,image_mod24.BMP
