,area,perimeter,orientation,eccentricity,convex_area,centroid_0,centroid_1,major_axis_length,minor_axis_length,label
0,220122,2124.247870789752,-1.4233762110712673,0.8884312151117076,226892,163.95581541145364,343.0392509608308,804.5006393383628,369.2736596142624,image_mod40.BMP
