,area,perimeter,orientation,eccentricity,convex_area,centroid_0,centroid_1,major_axis_length,minor_axis_length,label
0,11935,443.4629867976521,-1.2316267537928942,0.8006739007928406,12446,52.90146627565982,73.13833263510683,162.6427534908076,97.43934075147702,image_let57.BMP
1,149239,2727.885568524238,-1.3289667201318638,0.9438011935027291,206640,261.5684841093816,317.11783112993254,868.8458625827775,287.16546242165765,image_let57.BMP
