,area,perimeter,orientation,eccentricity,convex_area,centroid_0,centroid_1,major_axis_length,minor_axis_length,label
0,20756,569.2031021678298,-1.50520088517681,0.657932086405448,21095,69.96314318751205,95.07751975332434,188.72937213188322,142.1277997183323,image_svar10.BMP
1,2052,172.42640687119285,1.5309396590411717,0.4937371250012338,2101,29.030214424951268,424.9337231968811,55.354331574361794,48.136747094825985,image_svar10.BMP
2,2758,202.8528137423857,0.10461947612767246,0.5237689128930864,2864,40.216098622189996,335.4702683103698,64.43156158800934,54.88669525209882,image_svar10.BMP
3,84307,1973.2560594852148,1.4650217549348539,0.9328572894272632,130881,219.86249065913862,495.16275042404544,671.9063886794689,242.05167939840422,image_svar10.BMP
4,39542,798.222438151586,-1.2424193722187455,0.7194825258477303,41356,459.1833746396237,160.6109200343938,271.88934042715016,188.8300135854776,image_svar10.BMP
5,14717,644.286363288515,1.3775083426935357,0.9572933333887432,17528,470.6275735543929,649.2504586532582,270.9700152110344,78.34242878818421,image_svar10.BMP
