,area,perimeter,orientation,eccentricity,convex_area,centroid_0,centroid_1,major_axis_length,minor_axis_length,label
0,56203,1180.0052301026326,-1.1165401311797356,0.9375534707950276,62088,211.23116203761364,547.2442218386918,467.3598506994737,162.56700389773545,image_svar23.BMP
1,10496,398.7766952966369,-1.345198379967862,0.7733791576494544,10623,295.3761432926829,79.3654725609756,145.67050993761455,92.34690937440216,image_svar23.BMP
