,area,perimeter,orientation,eccentricity,convex_area,centroid_0,centroid_1,major_axis_length,minor_axis_length,label
0,51009,1174.6488450227787,-1.193610153117245,0.7505969581565198,61145,103.90664392558176,138.8407535925033,354.3123821409959,234.11556459056905,image_let24.BMP
1,31322,893.2701653663385,1.5212129273191541,0.6011289970459965,40185,305.706691782134,419.34617840495497,260.4167438102492,208.11256324724823,image_let24.BMP
2,4977,280.99494936611666,-1.3717165724462428,0.6322339585565983,5180,318.787221217601,165.14546915812738,90.84722722075901,70.38639035184697,image_let24.BMP
3,16958,649.8965363437815,1.4074265533796937,0.6751342042219944,19752,460.1426465385069,196.09877344026418,182.91651209606178,134.9365831578099,image_let24.BMP
