,area,perimeter,orientation,eccentricity,convex_area,centroid_0,centroid_1,major_axis_length,minor_axis_length,label
0,174134,2446.6845583974605,-1.5685575712628885,0.827720686637626,200627,171.6842546544615,345.25068051041154,655.0505799811475,367.5752956753581,image_para31.BMP
