,area,perimeter,orientation,eccentricity,convex_area,centroid_0,centroid_1,major_axis_length,minor_axis_length,label
0,153593,2281.9028124669403,1.4909093023595414,0.9196611587283066,195065,391.8589323732201,384.8771102849739,747.0678736195568,293.38312580116565,image_let52.BMP
