,area,perimeter,orientation,eccentricity,convex_area,centroid_0,centroid_1,major_axis_length,minor_axis_length,label
0,5775,304.40916292848976,1.3774874048214643,0.68213419285693,5957,40.16813852813853,500.21974025974026,101.32858177333203,74.09419607040162,image_let91.BMP
1,6951,315.0782104868019,-0.907064201945905,0.302698603145586,7060,55.20486260969645,715.282693137678,96.56893122945226,92.03852842067266,image_let91.BMP
2,109185,1695.5626253092632,0.7617627699105178,0.7144516759256092,129978,384.2170353070477,174.83186335119294,477.8812928354269,334.3662711379181,image_let91.BMP
3,21392,656.1219330881975,0.8713991423378962,0.9191254597422892,21944,309.1329468960359,376.2867894540015,263.9951470435174,104.00483739298868,image_let91.BMP
