,area,perimeter,orientation,eccentricity,convex_area,centroid_0,centroid_1,major_axis_length,minor_axis_length,label
0,17824,614.333044482741,1.2264523554679845,0.9045370177221395,18957,57.66157989228007,156.83516606822263,239.80113665058548,102.25003027952228,image_svar37.BMP
1,61727,1197.9737008100567,1.4430952295992232,0.9107179398973101,68572,88.07764835485283,576.126427657265,455.5293756300267,188.14677582134425,image_svar37.BMP
2,27109,756.5655839020935,-1.2580148968735831,0.8711251598190021,30111,290.51042089343025,380.1781327234498,275.9201926260729,135.49365981710218,image_svar37.BMP
3,7261,358.7056274847714,-0.22669437710843374,0.4481988396169427,7718,475.2918330808429,469.2426662994078,102.47374177309366,91.60475063333061,image_svar37.BMP
