,area,perimeter,orientation,eccentricity,convex_area,centroid_0,centroid_1,major_axis_length,minor_axis_length,label
0,117831,1479.2001435749992,-1.3655489886579713,0.6725470902572207,126053,169.75195831317734,559.8341353294124,462.7586439935995,342.4665382432711,image_svar44.BMP
1,1188,129.35533905932738,-0.004149953987899533,0.6336728499047225,1217,365.08838383838383,530.7626262626262,44.596619416489105,34.49999549058218,image_svar44.BMP
