,area,perimeter,orientation,eccentricity,convex_area,centroid_0,centroid_1,major_axis_length,minor_axis_length,label
0,103459,1978.96064094946,-1.5339098079385074,0.9410983506443398,131038,333.39559632318117,457.9984051653312,674.8818979888948,228.19980960218905,image_let14.BMP
