,area,perimeter,orientation,eccentricity,convex_area,centroid_0,centroid_1,major_axis_length,minor_axis_length,label
0,72938,1411.1240251292506,-1.393345127465144,0.9208333083243668,88968,252.5461899147221,415.3352710521265,523.8236014624279,204.26838223562336,image_para43.BMP
1,4078,248.1370849898476,-1.2911733475928604,0.5405479514125873,4193,287.95046591466405,106.33938205002453,78.72428566077247,66.23178123575748,image_para43.BMP
