,area,perimeter,orientation,eccentricity,convex_area,centroid_0,centroid_1,major_axis_length,minor_axis_length,label
0,49573,1026.2051942088829,1.4623475726777255,0.5628451936143218,54308,115.65150384281766,471.71141548826984,291.74373737539923,241.14438379563072,image_svar67.BMP
1,1318,131.25483399593904,-0.0430018094714654,0.37795507396496675,1324,93.30500758725341,139.26555386949923,42.70647226207603,39.53867427910501,image_svar67.BMP
2,92304,1899.5626253092635,-1.19781060552394,0.8970422836282589,132490,409.55310712428496,244.1809347373895,612.9579061225725,270.89351424797576,image_svar67.BMP
