,area,perimeter,orientation,eccentricity,convex_area,centroid_0,centroid_1,major_axis_length,minor_axis_length,label
0,141176,1839.4682169002847,0.3531161643570602,0.8567210199885202,159406,245.5622839576132,212.9682594775316,613.0667433035723,316.2076156804857,image_svar30.BMP
