,area,perimeter,orientation,eccentricity,convex_area,centroid_0,centroid_1,major_axis_length,minor_axis_length,label
0,13497,475.9898987322333,1.3915655885291458,0.8692836748290419,13779,274.87234200192637,310.44602504260206,187.1288015573944,92.50030352288042,image_para40.BMP
1,31996,821.4701294725885,-1.5197050151887943,0.18168124175637976,36647,455.5765408176022,675.2761595199399,217.60976361848546,213.9881879921049,image_para40.BMP
2,2038,173.88225099390857,-0.5378921019022875,0.27383705963170757,2113,525.306182531894,473.8665358194308,52.11491797089291,50.122882510209976,image_para40.BMP
