,area,perimeter,orientation,eccentricity,convex_area,centroid_0,centroid_1,major_axis_length,minor_axis_length,label
0,166585,2063.913959755234,0.2116442258725302,0.6816449713572654,196620,265.8517213434583,446.89484647477263,570.3204102015684,417.2937956735937,image_svar29.BMP
