,area,perimeter,orientation,eccentricity,convex_area,centroid_0,centroid_1,major_axis_length,minor_axis_length,label
0,94422,1562.5159441150372,1.3292321863777148,0.8714711179609952,117283,306.2746923386499,414.0690834763085,541.449805169847,265.5523391712039,image_super01.BMP
