,area,perimeter,orientation,eccentricity,convex_area,centroid_0,centroid_1,major_axis_length,minor_axis_length,label
0,412531,2559.889393668845,-1.5706360058770075,0.6779915330924514,414120,283.1959610308074,383.23574955579096,863.6928292551423,634.8744389957177,image_cyl50.BMP
