,area,perimeter,orientation,eccentricity,convex_area,centroid_0,centroid_1,major_axis_length,minor_axis_length,label
0,54407,1279.2539674441616,-1.4072582721398932,0.8202165017097316,67848,278.4961861525171,391.4921057952102,397.74170960637497,227.52942703339218,image_mod43.BMP
