,area,perimeter,orientation,eccentricity,convex_area,centroid_0,centroid_1,major_axis_length,minor_axis_length,label
0,3768,228.65180361560905,1.1686463753714498,0.6033084930842655,3814,191.13083864118897,252.58067940552016,77.58731533442138,61.876497483743584,image_cyl12.BMP
1,7741,434.06601717798213,1.5464953096471952,0.9503428278336838,8393,311.49270120139516,370.7868492442837,180.80549577508864,56.26756198420179,image_cyl12.BMP
2,35589,1213.0092347159896,1.4727764706730404,0.9873980401869571,43101,405.03568518362414,241.2611762061311,556.4721423164937,88.06531678750943,image_cyl12.BMP
