,area,perimeter,orientation,eccentricity,convex_area,centroid_0,centroid_1,major_axis_length,minor_axis_length,label
0,62942,978.6732316404182,-1.3842193715022575,0.34505664840198436,63510,285.73416796415745,365.8520383845445,296.1608370157506,277.97118949772164,image_inter48.BMP
1,2053,170.61017305526642,-0.006663588980655791,0.38907754056374355,2104,256.38334145153436,115.57184607890892,53.32500231410999,49.12325920260494,image_inter48.BMP
