,area,perimeter,orientation,eccentricity,convex_area,centroid_0,centroid_1,major_axis_length,minor_axis_length,label
0,45272,1045.5950211536165,-0.9054923000829821,0.45648479600562974,51892,112.20995317193851,236.11570065382577,269.4368778356949,239.72640008754814,image_let20.BMP
1,104667,1975.2388155425117,1.2633130278505873,0.7780937528474923,133129,323.38441915790077,553.0724488138572,536.4878515863066,336.99385720709836,image_let20.BMP
