,area,perimeter,orientation,eccentricity,convex_area,centroid_0,centroid_1,major_axis_length,minor_axis_length,label
0,75039,1085.5676759431467,-0.09896826240288006,0.626592381676239,76783,228.88154159836884,475.4580551446581,352.5502958822668,274.759069913537,image_super31.BMP
1,1743,157.29646455628165,0.11726272761119688,0.42500055115303237,1794,93.99885255306943,108.09753298909925,49.655527298356716,44.94784022741931,image_super31.BMP
