,area,perimeter,orientation,eccentricity,convex_area,centroid_0,centroid_1,major_axis_length,minor_axis_length,label
0,153606,2248.285496736738,-1.0558242732941716,0.8687534675835087,203400,237.8322331158939,505.5053969245993,718.0975817620862,355.63409372032066,image_para14.BMP
1,1947,177.63961030678928,1.301197774194861,0.65058957926035,2061,223.15408320493066,33.67847971237802,57.936529532107706,43.998710946938175,image_para14.BMP
2,9456,386.634559672906,-1.371725293232725,0.8281427216316,9580,424.4177241962775,640.4567470389171,146.8295558039013,82.3005047398772,image_para14.BMP
