,area,perimeter,orientation,eccentricity,convex_area,centroid_0,centroid_1,major_axis_length,minor_axis_length,label
0,54790,997.7442994522837,-0.8408332722825086,0.6360774854690209,59411,279.5685344040883,405.58455922613615,306.8299616673446,236.75772719823948,image_inter12.BMP
