,area,perimeter,orientation,eccentricity,convex_area,centroid_0,centroid_1,major_axis_length,minor_axis_length,label
0,57223,953.3696244092002,0.1049871353061356,0.7885778000230327,57745,254.85283889345195,102.7185222725128,346.96786212983267,213.36268204090638,image_super39.BMP
1,86105,1183.4671708797582,0.9403929007853488,0.46170054653469694,88613,285.2853725103072,472.09652168863596,356.11268103702065,315.8847159528171,image_super39.BMP
