,area,perimeter,orientation,eccentricity,convex_area,centroid_0,centroid_1,major_axis_length,minor_axis_length,label
0,139657,1815.9474016201134,-0.9746381957998558,0.7365548357505135,155333,200.0427261075349,528.2108379816265,526.2651082647122,355.95405388458397,image_let11.BMP
1,2130,181.1959594928933,1.3513283763331472,0.1379508116674973,2221,186.09718309859156,198.54084507042253,52.505164784779225,52.003167167478715,image_let11.BMP
2,29104,816.2741699796952,1.4120513756248323,0.9388119381446558,29960,509.21416300164924,141.48433205057725,342.18471873790827,117.85874223262572,image_let11.BMP
