,area,perimeter,orientation,eccentricity,convex_area,centroid_0,centroid_1,major_axis_length,minor_axis_length,label
0,104500,1342.462120245875,-0.598855091528069,0.6231241084410556,109971,293.966019138756,420.6146794258373,418.907140846568,327.6368985665597,image_super26.BMP
