,area,perimeter,orientation,eccentricity,convex_area,centroid_0,centroid_1,major_axis_length,minor_axis_length,label
0,411250,2563.445742854949,1.5700243699183245,0.680614560532379,413572,283.0334516717325,383.6452036474164,863.644629020722,632.7420452791123,image_mod27.BMP
