,area,perimeter,orientation,eccentricity,convex_area,centroid_0,centroid_1,major_axis_length,minor_axis_length,label
0,97631,1401.3910524340095,1.549675617653041,0.6242197648814073,110112,204.3855640114308,362.8414130757649,417.2232816171661,325.9551874626173,image_svar15.BMP
