,area,perimeter,orientation,eccentricity,convex_area,centroid_0,centroid_1,major_axis_length,minor_axis_length,label
0,128197,1944.6845583974607,0.8628405317633272,0.7921250992496472,156695,288.66524957682316,255.37021927190185,542.1750153804417,330.9212750783299,image_svar34.BMP
1,3691,255.13708498984758,1.2463440822573464,0.8437122203096237,3900,351.258466540233,708.0804659983744,94.63499466097679,50.79966400030229,image_svar34.BMP
2,21784,602.0020920410531,0.48037147766623817,0.5987353427042211,22914,476.762853470437,683.7727690047741,188.4117098521219,150.90778113731628,image_svar34.BMP
