,area,perimeter,orientation,eccentricity,convex_area,centroid_0,centroid_1,major_axis_length,minor_axis_length,label
0,154304,2724.5596667164327,-0.8116257014135646,0.9170076863579542,224313,301.2024510058067,329.3315144131066,828.5690547353016,330.49095067912424,image_svar66.BMP
1,1318,131.25483399593904,-0.0430018094714654,0.37795507396496675,1324,93.30500758725341,139.26555386949923,42.70647226207603,39.53867427910501,image_svar66.BMP
