,area,perimeter,orientation,eccentricity,convex_area,centroid_0,centroid_1,major_axis_length,minor_axis_length,label
0,101001,1864.9717882377531,1.4297931464843183,0.9229458144248482,128419,315.5804397976258,280.867753784616,622.9630474033663,239.7971000786686,image_cyl38.BMP
