,area,perimeter,orientation,eccentricity,convex_area,centroid_0,centroid_1,major_axis_length,minor_axis_length,label
0,98740,1474.986940139403,1.3403171192762797,0.6926613888616435,110471,136.31805752481264,567.8588515292688,439.29206563633596,316.84507818047337,image_let82.BMP
1,15145,565.3218971944477,-0.9860235942823297,0.8058528058900998,16499,164.4145262462859,177.71898316276,186.5088492091795,110.43485765983606,image_let82.BMP
2,23862,692.9259735953043,-1.095331412532656,0.6701198176661207,25691,297.23116251781073,260.5388483781745,206.96167306179782,153.61791072021018,image_let82.BMP
3,13415,454.03152929257595,0.6413568459453021,0.7199218347242594,13680,492.30831159150205,537.6281028699217,157.12915756152793,109.05630109383463,image_let82.BMP
