,area,perimeter,orientation,eccentricity,convex_area,centroid_0,centroid_1,major_axis_length,minor_axis_length,label
0,9250,363.60512242138304,1.1604958103394565,0.6890720565807383,9330,298.69935135135137,425.13762162162163,127.82767823320343,92.63580215451415,image_svar13.BMP
