,area,perimeter,orientation,eccentricity,convex_area,centroid_0,centroid_1,major_axis_length,minor_axis_length,label
0,131204,2144.1088732276003,-0.7840334485563478,0.7858701048945933,170900,325.36328160726805,450.99149416176334,591.5855846730389,365.8315597262578,image_let81.BMP
