,area,perimeter,orientation,eccentricity,convex_area,centroid_0,centroid_1,major_axis_length,minor_axis_length,label
0,174591,2842.1647891378166,-1.5082317332914075,0.8544750661266113,227998,232.56913013843783,324.62850891512164,712.0308161127813,369.89460282027017,image_svar09.BMP
1,13262,469.70562748477147,0.1310871208128416,0.8685786848705059,13433,374.1133313225758,718.9785854320615,186.36490719803356,92.35336775980483,image_svar09.BMP
