,area,perimeter,orientation,eccentricity,convex_area,centroid_0,centroid_1,major_axis_length,minor_axis_length,label
0,75747,1487.134126397017,1.3214740343254012,0.9179237207513852,88538,95.97796612407092,564.4920722932922,538.1684299762576,213.52204147130314,image_let93.BMP
1,49376,960.7737367038065,0.951189934306219,0.8728060154101582,50483,323.919657323396,308.4291153596889,360.7163550933329,176.0538464599018,image_let93.BMP
