,area,perimeter,orientation,eccentricity,convex_area,centroid_0,centroid_1,major_axis_length,minor_axis_length,label
0,208967,3899.5110729499033,-1.1682683155394062,0.8782898356976576,287282,228.2877057142994,376.3584680834773,855.7854588159329,409.17550902672656,image_mod81.BMP
1,3169,216.5096679918781,-1.4377794102258925,0.5525930637991696,3247,394.4092773745661,725.7223098769327,69.7463862557093,58.130209448504225,image_mod81.BMP
