,area,perimeter,orientation,eccentricity,convex_area,centroid_0,centroid_1,major_axis_length,minor_axis_length,label
0,140205,2116.7169542418137,-1.4761669003111948,0.7463872463303631,161734,166.9848222245997,523.2700260333083,550.3576353117105,366.2695512033702,image_svar40.BMP
1,4345,268.8944443027283,-0.3277816738359907,0.8571959431303995,4476,252.809666283084,63.80897583429229,104.01894308469222,53.56875740858754,image_svar40.BMP
2,48610,1019.9919907732863,-1.47006774940025,0.4730252082614905,53155,459.9647809092779,270.9592676404032,280.1668096978256,246.8406576179401,image_svar40.BMP
