,area,perimeter,orientation,eccentricity,convex_area,centroid_0,centroid_1,major_axis_length,minor_axis_length,label
0,74128,1247.0580079512683,-0.16583018185324677,0.8700176704724133,81751,194.48476958774012,395.8168843082236,454.0253923651273,223.84384421143653,image_inter02.BMP
