,area,perimeter,orientation,eccentricity,convex_area,centroid_0,centroid_1,major_axis_length,minor_axis_length,label
0,92802,1401.1240251292506,0.3242704278457344,0.8785225974725478,100932,324.8563069761428,404.08379129760135,509.31567523322303,243.30050093190764,image_super30.BMP
1,18511,554.9188309203678,0.04218939501807933,0.848850104625105,18853,460.0091837285938,56.97882340230134,212.68744940093492,112.43373543707395,image_super30.BMP
