,area,perimeter,orientation,eccentricity,convex_area,centroid_0,centroid_1,major_axis_length,minor_axis_length,label
0,95776,1815.2316728675755,1.3055996457811323,0.9608059020622272,109767,353.64309430337454,488.04038590043433,699.6125447555345,193.94796525877976,image_let18.BMP
1,12018,471.9066376115481,1.4579531637606695,0.8996051936641047,12452,521.7803295057414,89.08562156764853,189.74998247119478,82.86460065923998,image_let18.BMP
