,area,perimeter,orientation,eccentricity,convex_area,centroid_0,centroid_1,major_axis_length,minor_axis_length,label
0,1084,129.31370849898477,0.0005610821739224087,0.7707199756099317,1099,27.873616236162363,706.8422509225093,47.23900347586746,30.09946527965941,image_mod79.BMP
1,14872,475.0437226013957,1.0090290279087022,0.7430720875501396,15112,284.0369822485207,379.8242334588488,169.61705839137278,113.50966591816385,image_mod79.BMP
2,21261,679.8843430349616,1.3192780996042794,0.8910799822313891,23070,415.97643572738815,128.74888293118858,250.06118360559148,113.48934329540339,image_mod79.BMP
3,2566,202.98275605729688,1.4199886222043827,0.7376623420666568,2674,458.8437256430242,341.5553390491037,70.39460690375073,47.528313199393196,image_mod79.BMP
4,9665,394.2497833620557,-1.362344354983228,0.6702654438731989,10014,516.7757889291257,697.7205380237972,129.83632952916957,96.35432410058691,image_mod79.BMP
