,area,perimeter,orientation,eccentricity,convex_area,centroid_0,centroid_1,major_axis_length,minor_axis_length,label
0,3566,225.48023074035524,-1.2658745394017357,0.4125756198804717,3635,47.92540661805945,653.7711721817162,70.76868513363516,64.46484805963038,image_mod80.BMP
1,3547,227.33809511662426,0.05736395185848203,0.5535390602163061,3618,93.05272060896532,509.05384832252605,73.77611975051494,61.44246530161467,image_mod80.BMP
2,133455,2978.1149698820104,1.5573469290865403,0.9429727087701472,217329,426.0629425649095,379.705743509048,992.159275181889,330.260108026117,image_mod80.BMP
3,18707,558.6711395993651,1.0147018613718384,0.7014215751977584,19300,321.5969957769819,451.81466830598174,183.57721307800227,130.8440419327272,image_mod80.BMP
