,area,perimeter,orientation,eccentricity,convex_area,centroid_0,centroid_1,major_axis_length,minor_axis_length,label
0,10451,390.9188309203678,0.4508891855633865,0.6441229637406563,10591,265.0716677829873,370.7610754951679,133.00746911401555,101.74033420335464,image_para24.BMP
