,area,perimeter,orientation,eccentricity,convex_area,centroid_0,centroid_1,major_axis_length,minor_axis_length,label
0,184014,2919.0348468229045,0.7796225163294842,0.8612743698560141,240715,289.29311900181506,473.37403675807275,740.0782429712124,376.06350419477343,image_let37.BMP
