,area,perimeter,orientation,eccentricity,convex_area,centroid_0,centroid_1,major_axis_length,minor_axis_length,label
0,39707,793.8376618407357,-0.22027079044488088,0.6905667727111573,40526,301.8696703352054,428.0328405570806,267.1567375364251,193.22609148434478,image_inter05.BMP
