,area,perimeter,orientation,eccentricity,convex_area,centroid_0,centroid_1,major_axis_length,minor_axis_length,label
0,261578,2217.009234715989,1.469518094709276,0.8786567524007913,267630,383.18205277202213,362.56437085687634,855.3722881975631,408.40091094426,image_let69.BMP
