,area,perimeter,orientation,eccentricity,convex_area,centroid_0,centroid_1,major_axis_length,minor_axis_length,label
0,157056,1855.5260453828039,-1.3262554028870317,0.7798362410217557,166261,204.16489023023635,525.7321401283618,581.5006010882456,364.0098256072922,image_mod91.BMP
