,area,perimeter,orientation,eccentricity,convex_area,centroid_0,centroid_1,major_axis_length,minor_axis_length,label
0,40275,794.4234482783625,0.7407521169410469,0.5896216378519882,40838,319.0121166977033,446.7226070763501,254.45743563871204,205.520077930905,image_super02.BMP
