,area,perimeter,orientation,eccentricity,convex_area,centroid_0,centroid_1,major_axis_length,minor_axis_length,label
0,9730,495.46298679765215,1.4878419603714483,0.9467551789171882,11171,44.39558067831449,587.6773895169579,206.43555520350318,66.46283387604974,image_mod98.BMP
1,91904,1230.2834046956846,-1.4832638900800272,0.5490302662438719,93866,289.4292631441504,475.1635837395543,376.4461964902573,314.6346603735079,image_mod98.BMP
