,area,perimeter,orientation,eccentricity,convex_area,centroid_0,centroid_1,major_axis_length,minor_axis_length,label
0,131726,2143.805265996383,0.3609608377578267,0.8476793546704404,195875,335.25985758316506,148.05980596085814,659.4003871696052,349.8177856700634,image_mod28.BMP
1,23159,605.9554108468271,-0.23419275816570928,0.6350865504782653,23607,294.5580551837299,370.5826676454078,198.0616141599602,152.9909080880313,image_mod28.BMP
