,area,perimeter,orientation,eccentricity,convex_area,centroid_0,centroid_1,major_axis_length,minor_axis_length,label
0,100983,2038.2510088513313,-0.824438713253585,0.8237018576928464,127088,203.18689284334988,551.4424606121822,527.9298624540156,299.34845218996406,image_let35.BMP
1,4119,239.52186130069782,-0.9170466227133313,0.5400530963044082,4167,101.60184510803593,185.77203204661325,79.1735891599347,66.63494292666795,image_let35.BMP
2,1769,174.12489168102786,1.3932356033134736,0.5780294079681151,1880,265.21311475409834,724.3499152063313,52.97202532742097,43.226016690389606,image_let35.BMP
3,19593,645.7127701597078,-1.4619862809390967,0.7898837539611746,22104,456.34364313785534,240.45342724442403,210.23056979213712,128.92528406706523,image_let35.BMP
