,area,perimeter,orientation,eccentricity,convex_area,centroid_0,centroid_1,major_axis_length,minor_axis_length,label
0,142798,2142.0134187980957,0.44488948995912847,0.784588208097241,177734,303.79539629406577,327.3987240717657,592.1550963306804,367.14635215569405,image_para29.BMP
