,area,perimeter,orientation,eccentricity,convex_area,centroid_0,centroid_1,major_axis_length,minor_axis_length,label
0,11682,478.40411229460636,1.3029982262337139,0.9070783585876614,12021,285.4468412942989,429.02157164869027,188.47004907563647,79.33869431119149,image_let100.BMP
