,area,perimeter,orientation,eccentricity,convex_area,centroid_0,centroid_1,major_axis_length,minor_axis_length,label
0,160422,1840.094587877728,-1.5648380412213772,0.8206447694793013,169593,420.74171871688424,431.93232225006545,624.7348902419762,356.99767956818874,image_svar102.BMP
