,area,perimeter,orientation,eccentricity,convex_area,centroid_0,centroid_1,major_axis_length,minor_axis_length,label
0,142791,1755.6093065034893,-1.4831047329508693,0.38274439081525535,156314,191.22372558494584,559.7271116526952,454.0206378564278,419.448909645601,image_svar47.BMP
1,2110,166.71067811865476,-0.00453429141900329,0.347536083365082,2125,70.85781990521328,53.52227488151659,53.57783272365549,50.23814475972026,image_svar47.BMP
2,2540,187.09545442950497,-0.4323720877858889,0.31036249105544983,2584,162.91811023622049,41.6484251968504,58.36145929926923,55.47947036051145,image_svar47.BMP
3,732,101.35533905932738,0.532436561686993,0.4603651540322691,746,428.7841530054645,525.655737704918,32.53754407904795,28.88454249736723,image_svar47.BMP
