,area,perimeter,orientation,eccentricity,convex_area,centroid_0,centroid_1,major_axis_length,minor_axis_length,label
0,96192,1614.8813844421313,-0.3517862793561784,0.6609121473433222,113572,394.0976380572189,435.12349259813703,439.85261608876516,330.09323665413854,image_mod57.BMP
