,area,perimeter,orientation,eccentricity,convex_area,centroid_0,centroid_1,major_axis_length,minor_axis_length,label
0,174845,2474.5840533340725,1.5678883466430433,0.8286888807995396,200706,171.97329062884268,346.3099316537505,655.9701333764018,367.15272383400617,image_para30.BMP
