,area,perimeter,orientation,eccentricity,convex_area,centroid_0,centroid_1,major_axis_length,minor_axis_length,label
0,47273,1178.6833329081849,0.09566309148706667,0.971549286602993,54006,210.4892856387367,705.233537114209,535.1463984039198,126.74271512927274,image_let72.BMP
1,25798,790.6955262170047,-1.5271422959305785,0.8679613517922954,29459,281.9030932630437,245.6092332738972,269.4000611980923,133.79262294429356,image_let72.BMP
2,21681,569.5290039756343,-0.6429196650271475,0.6247214998367489,22007,338.18463170517964,456.5307412019741,188.96115818703788,147.54987572251446,image_let72.BMP
