,area,perimeter,orientation,eccentricity,convex_area,centroid_0,centroid_1,major_axis_length,minor_axis_length,label
0,139931,1796.0357133746822,-1.2523210139730923,0.8990328050542178,166171,387.2440988773038,287.7586167468252,677.1976847310946,296.5321890509584,image_super20.BMP
