,area,perimeter,orientation,eccentricity,convex_area,centroid_0,centroid_1,major_axis_length,minor_axis_length,label
0,89146,2387.434775035405,1.4711801353780272,0.9201912112890764,133565,278.4501379759047,281.7100711192875,666.6246788057807,260.96302981257224,image_mod15.BMP
1,17676,650.4284989122459,0.1457918036353966,0.8236218908364118,19711,428.7868861733424,702.8173794976238,206.30697180497455,117.00479072529792,image_mod15.BMP
