,area,perimeter,orientation,eccentricity,convex_area,centroid_0,centroid_1,major_axis_length,minor_axis_length,label
0,5029,321.68124086713186,-1.4163240779258357,0.9051211958802627,5266,32.88466892026248,169.92602903161662,124.54531042289695,52.95089253451706,image_para03.BMP
1,3241,215.82337649086284,1.4993531304932495,0.5651424565691773,3304,35.57142857142857,303.03147176797285,70.990980765106,58.56708601885748,image_para03.BMP
2,2844,224.30256121069155,-1.2833848904457268,0.5823274260753578,3058,120.05133614627286,58.329465541490855,67.51229939171536,54.884417205598496,image_para03.BMP
3,145825,2390.0865786510144,1.464459334845453,0.9126509797284577,194824,280.8817349562832,407.3583130464598,743.0173674601783,303.70073844810634,image_para03.BMP
4,4274,245.86500705120545,0.9441559126344702,0.2690806727927769,4343,286.70308844174076,52.765091249415065,75.23136565897276,72.45665546657666,image_para03.BMP
