,area,perimeter,orientation,eccentricity,convex_area,centroid_0,centroid_1,major_axis_length,minor_axis_length,label
0,139416,2036.5159441150372,1.137514516394592,0.9536780957966902,168374,188.15863315544846,393.99228926378606,816.0524248774883,245.4922381198179,image_svar04.BMP
