,area,perimeter,orientation,eccentricity,convex_area,centroid_0,centroid_1,major_axis_length,minor_axis_length,label
0,410888,2573.274169979695,-1.5653102467625997,0.6798350255488002,413574,283.34761297482527,383.17221724654894,862.9773609641013,632.8774598752066,image_let99.BMP
