,area,perimeter,orientation,eccentricity,convex_area,centroid_0,centroid_1,major_axis_length,minor_axis_length,label
0,33241,1008.7838379715733,-0.016656573210655178,0.9750958396184444,37110,261.30691014109084,49.596582533618125,453.4811825108034,100.57483061099632,image_svar38.BMP
1,1198,127.35533905932738,-1.5699890035499495,0.610646129095654,1207,115.58096828046745,161.04006677796326,44.12489668182602,34.942664346071055,image_svar38.BMP
2,64069,1318.3250352560274,-0.9071570108901882,0.8632291731133181,75317,318.02665875852597,390.31542555682154,442.4396168013762,223.34893272172397,image_svar38.BMP
3,7401,393.5096679918781,1.529942350447374,0.9444725294630422,7648,534.889474395352,459.4357519254155,171.90883611516372,56.48759063750535,image_svar38.BMP
