,area,perimeter,orientation,eccentricity,convex_area,centroid_0,centroid_1,major_axis_length,minor_axis_length,label
0,131040,2068.798123321446,1.542777083253082,0.9664141613033846,151466,98.03163919413919,402.0886904761905,832.9199920473066,214.05179880093422,image_mod73.BMP
1,34996,975.5777772109133,1.4505681013282998,0.9212385490602313,40857,323.12498571265286,339.3463538690136,353.07182307807284,137.34427465892145,image_mod73.BMP
