,area,perimeter,orientation,eccentricity,convex_area,centroid_0,centroid_1,major_axis_length,minor_axis_length,label
0,58845,1436.5798692519663,-1.3602905843780522,0.9621418441508881,75197,265.3788087348118,462.79729798623504,581.9393465700581,158.6071090285832,image_let60.BMP
