,area,perimeter,orientation,eccentricity,convex_area,centroid_0,centroid_1,major_axis_length,minor_axis_length,label
0,87054,1220.2539674441618,-0.4070648429239803,0.8024908447120711,88522,284.9714315252602,512.270648103476,431.5209015755159,257.4731735404559,image_super27.BMP
1,43985,894.7249634685277,-0.8874806010804857,0.6048796921746741,47017,454.34352620211433,202.2067523019211,272.4900300218766,216.98840790699907,image_super27.BMP
