,area,perimeter,orientation,eccentricity,convex_area,centroid_0,centroid_1,major_axis_length,minor_axis_length,label
0,59495,973.8031739553295,-1.5054803737690565,0.6137575754924148,60534,274.83785192032946,396.8913522144718,314.95211410598586,248.65297641003698,image_super44.BMP
