,area,perimeter,orientation,eccentricity,convex_area,centroid_0,centroid_1,major_axis_length,minor_axis_length,label
0,30824,882.1635636485402,-0.15438182666802955,0.8811682833159009,37380,254.81095899299248,429.02653776278225,310.4781279866676,146.79491800351758,image_let29.BMP
1,1245,135.49747468305836,-0.6308030782147757,0.30663710442154285,1284,227.39277108433734,224.1140562248996,41.06967183632883,39.091202002057116,image_let29.BMP
2,3003,236.99494936611663,-0.8648409078954808,0.5230741422241466,3233,264.6047286047286,612.1888111888112,67.80665254246837,57.79074086142181,image_let29.BMP
3,15100,585.8305191657993,0.0034845618476536245,0.9034375741674895,16913,348.393642384106,719.8943708609271,223.00792451044848,95.6078822787383,image_let29.BMP
4,2774,228.8528137423857,-0.7798058279319531,0.5618030895883428,3060,496.5450612833454,266.6319394376352,66.62434921003741,55.11639123379669,image_let29.BMP
