,area,perimeter,orientation,eccentricity,convex_area,centroid_0,centroid_1,major_axis_length,minor_axis_length,label
0,153693,2240.374854511833,-1.4876699470440844,0.9609822860060824,198634,318.7428445017014,394.52011477425776,918.6017966343233,254.09436639060843,image_let01.BMP
