,area,perimeter,orientation,eccentricity,convex_area,centroid_0,centroid_1,major_axis_length,minor_axis_length,label
0,45187,849.7127701597078,-1.565855760579817,0.7443198697954144,46213,94.36599021842565,312.6651691858278,295.96554619788935,197.65268141178515,image_let96.BMP
1,7272,390.77669529663694,-1.5535404194088123,0.76380240877279,8433,53.99711221122112,56.78011551155115,129.99232802454986,83.90356603304981,image_let96.BMP
2,6830,365.1370849898476,-1.5182441505845745,0.9062185333735718,7080,35.26837481698389,562.7405563689605,144.74406278765034,61.199181329633056,image_let96.BMP
3,3370,224.06601717798213,0.4670702462431443,0.4659268006930246,3444,62.233827893175075,728.0931750741839,69.9048619576488,61.85344843812705,image_let96.BMP
4,4206,261.3086578651014,1.4040493078802203,0.6785466585797909,4378,187.70256776034236,57.8188302425107,85.94654462963541,63.132662068580466,image_let96.BMP
5,132566,2053.6580797387683,1.4240184905099822,0.8721016719213103,162970,410.3067830363743,489.41831238779173,653.2278887462987,319.6405485699795,image_let96.BMP
