,area,perimeter,orientation,eccentricity,convex_area,centroid_0,centroid_1,major_axis_length,minor_axis_length,label
0,191164,2024.479364188578,0.4126211131927297,0.8150334729242028,215572,261.49234165428635,460.6291665794815,676.7379128292553,392.11133612264763,image_mod94.BMP
