,area,perimeter,orientation,eccentricity,convex_area,centroid_0,centroid_1,major_axis_length,minor_axis_length,label
0,33016,814.7249634685276,1.241499906017905,0.9056724202859391,34809,288.4037133511025,283.6305427671432,319.4046321607894,135.4205833333421,image_svar17.BMP
1,56498,1438.9320702497141,1.5193147096744892,0.9844180342229082,67715,508.4581224114128,277.465981096676,694.6506013752648,122.15018293471283,image_svar17.BMP
