,area,perimeter,orientation,eccentricity,convex_area,centroid_0,centroid_1,major_axis_length,minor_axis_length,label
0,26297,720.1686142824235,-1.3031168229505377,0.8032479086288411,28685,80.52572536791268,624.9251245389208,240.26824040471348,143.11454202279734,image_svar59.BMP
1,149676,1912.989032180456,1.07066969708442,0.5997572823602787,166328,380.4303161495497,234.00112242443677,507.1617217687095,405.82167106607807,image_svar59.BMP
