,area,perimeter,orientation,eccentricity,convex_area,centroid_0,centroid_1,major_axis_length,minor_axis_length,label
0,50231,983.6122650963194,0.09594016928467006,0.8699475506368801,51483,169.96038303039956,681.90860225757,365.4134937766911,180.20156623039884,image_let12.BMP
1,3832,287.7228714274745,-0.7298117078901828,0.8994027388371537,4357,61.489300626304804,492.61951983298536,111.3210803658809,48.66077493299762,image_let12.BMP
2,1683,153.39696961966996,0.2940601470890838,0.4531510765448284,1720,69.5959595959596,387.2192513368984,49.25114846847981,43.90413517511928,image_let12.BMP
3,105842,1741.6397897755382,-0.8724330412453992,0.7873851695552,128472,388.32454035260105,334.79546871752234,513.4948705682989,316.5497405958011,image_let12.BMP
