,area,perimeter,orientation,eccentricity,convex_area,centroid_0,centroid_1,major_axis_length,minor_axis_length,label
0,14223,500.842712474619,-0.980749231620808,0.8549412534203051,14490,322.7942768754834,353.0662307530057,187.08798418118135,97.04718350023049,image_cyl01.BMP
1,4127,245.92388155425115,0.3293510203764258,0.6534924904222226,4204,485.0460382844681,150.35982553913254,83.49639230960922,63.20117463585549,image_cyl01.BMP
