,area,perimeter,orientation,eccentricity,convex_area,centroid_0,centroid_1,major_axis_length,minor_axis_length,label
0,23131,797.7544007200504,0.8198427994286285,0.8382267767819209,27935,101.76170507111668,683.4298560373525,260.66786166604226,142.14786875209802,image_let06.BMP
1,121366,2054.049998724555,-1.5233395917158516,0.9104989515802028,158885,308.9145806898143,390.85308900351004,665.6518869861288,275.25462860189714,image_let06.BMP
