,area,perimeter,orientation,eccentricity,convex_area,centroid_0,centroid_1,major_axis_length,minor_axis_length,label
0,83631,1168.1585130146568,0.17261890846330996,0.7522098074752018,85343,297.8949671772429,363.94072772058206,405.9266626275562,267.47468710623093,image_super46.BMP
