,area,perimeter,orientation,eccentricity,convex_area,centroid_0,centroid_1,major_axis_length,minor_axis_length,label
0,41362,936.0752518939715,-0.07335678968859351,0.7756757711074642,45844,266.74193704366326,648.4691262511484,304.394218909675,192.11281079663817,image_cyl07.BMP
1,3220,229.0538238691624,1.5543685819253685,0.783527669313468,3317,280.8055900621118,359.827950310559,82.03707882319203,50.974304602562256,image_cyl07.BMP
2,6247,296.59292911256335,-0.3522349381839807,0.6297591198931878,6311,514.3899471746438,722.4525372178646,101.34603363919737,78.72463418797105,image_cyl07.BMP
