,area,perimeter,orientation,eccentricity,convex_area,centroid_0,centroid_1,major_axis_length,minor_axis_length,label
0,3503,243.4386001800126,-1.545408852192259,0.734777458837363,3720,50.33028832429346,50.76277476448758,82.06940637621437,55.668355657541504,image_let73.BMP
1,85038,1822.203281636579,1.3404142131941623,0.7431173049888691,113989,277.01197111879395,469.88139420023987,463.32617726403663,310.0398867277963,image_let73.BMP
2,1866,164.98275605729688,-0.47303098752677303,0.4902798866832733,1927,105.94533762057878,318.98499464094317,52.51412807823118,45.76947855371662,image_let73.BMP
3,2950,233.40916292848976,-0.9066611179521641,0.7384529346601612,3189,116.71423728813559,639.3549152542373,76.00972044651488,51.25373625157004,image_let73.BMP
4,14218,538.6883835420682,1.5113490838280337,0.8712798670199162,15027,405.9842453228302,233.99310732873823,195.4544782784451,95.92642024814893,image_let73.BMP
5,2315,200.71067811865478,0.004361517605018224,0.7517303870388742,2421,508.22980561555073,470.08336933045354,67.60100712089529,44.5808743145067,image_let73.BMP
