,area,perimeter,orientation,eccentricity,convex_area,centroid_0,centroid_1,major_axis_length,minor_axis_length,label
0,92183,1689.5870119269027,1.0687124032160824,0.9221254720816277,121190,190.78848594643264,293.5437228122322,595.1359546975704,230.2527199270562,image_let04.BMP
