,area,perimeter,orientation,eccentricity,convex_area,centroid_0,centroid_1,major_axis_length,minor_axis_length,label
0,1575,144.9116882454314,1.5494966896207902,0.49567326508319964,1588,111.06857142857143,51.44063492063492,48.17952302132048,41.84435299882838,image_svar101.BMP
1,60099,1285.798123321446,-0.7855586527350226,0.9033652424821642,71044,326.0002662273915,243.9316461172399,456.8209782197209,195.91775122498086,image_svar101.BMP
2,2696,196.08326112068525,1.4901246631828042,0.5846585053418276,2723,535.531528189911,290.91135014836794,65.52439380474121,53.15859764608308,image_svar101.BMP
