,area,perimeter,orientation,eccentricity,convex_area,centroid_0,centroid_1,major_axis_length,minor_axis_length,label
0,96203,1426.0529573173853,1.487451641567024,0.8770280347746936,102681,294.4757232102949,251.1060465889837,511.5264541127922,245.757361096876,image_svar74.BMP
