,area,perimeter,orientation,eccentricity,convex_area,centroid_0,centroid_1,major_axis_length,minor_axis_length,label
0,44864,962.9676041556469,0.6807018495746566,0.8292805770458839,50075,117.02021665477889,660.1380839871612,344.9662908773827,192.7783628570146,image_cyl40.BMP
1,20796,593.9726547895302,-0.07214538503809712,0.8143469373873083,21176,164.6355068282362,68.25365454895172,216.04813392841982,125.3896662685486,image_cyl40.BMP
2,14044,464.9604614807105,1.5347310503911191,0.7466105365292267,14219,201.6507405297636,333.6446881230419,164.23148078533518,109.2568619199638,image_cyl40.BMP
3,53164,1066.5310960166873,-0.8413365691370308,0.7301775219594503,60240,390.58135204273566,440.3024415017681,336.3244262061596,229.79618051486116,image_cyl40.BMP
4,2931,225.16652224137047,1.5367688856126365,0.756420911377793,3078,535.3944046400546,119.48277038553395,76.56690598507632,50.08127743764319,image_cyl40.BMP
