,area,perimeter,orientation,eccentricity,convex_area,centroid_0,centroid_1,major_axis_length,minor_axis_length,label
0,224601,2105.442784262119,-0.12980713789813766,0.6532019741763456,236792,288.8433043486004,552.8124718946042,630.7699581293772,477.60874131929927,image_mod14.BMP
