,area,perimeter,orientation,eccentricity,convex_area,centroid_0,centroid_1,major_axis_length,minor_axis_length,label
0,48865,845.0508652763322,-1.1336725682901914,0.5042962804101764,49497,266.8957740714213,422.33717384631126,269.16092524280316,232.4287208974423,image_inter16.BMP
