,area,perimeter,orientation,eccentricity,convex_area,centroid_0,centroid_1,major_axis_length,minor_axis_length,label
0,4176,332.56349186104046,1.0603902694859684,0.8596336176431776,4929,44.547174329501914,656.8939176245211,107.41132265217314,54.87762558393445,image_let75.BMP
1,10299,458.2741699796953,0.4746879850185298,0.8893377588245763,11355,98.52966307408487,53.03262452665307,177.09283389041846,80.97585093669402,image_let75.BMP
2,52037,1491.6458864299484,0.6583802190953347,0.9471298795091426,80145,253.3209639295117,359.721448200319,573.859965086679,184.1232102172356,image_let75.BMP
3,60642,1253.9625535217638,0.029455652899733693,0.8662364528775199,69196,392.69100623330365,656.1367534052307,410.9628946278431,205.33114747803126,image_let75.BMP
