,area,perimeter,orientation,eccentricity,convex_area,centroid_0,centroid_1,major_axis_length,minor_axis_length,label
0,140683,2060.4865068635145,1.2444840040732603,0.7362503024952383,165927,160.86086449677643,412.4454980345884,558.0235398695733,377.6197253854768,image_let55.BMP
1,420,77.21320343559643,-0.0830960612794001,0.6172693151404487,438,38.857142857142854,723.7809523809524,26.366884701757378,20.74419731370661,image_let55.BMP
2,4250,246.55129855222071,-0.9448307936687634,0.5537451804652309,4313,190.3729411764706,62.50329411764706,80.6663779982243,67.16977818603463,image_let55.BMP
