,area,perimeter,orientation,eccentricity,convex_area,centroid_0,centroid_1,major_axis_length,minor_axis_length,label
0,408790,2587.3696244092002,-1.561913054683796,0.6833875902021931,412347,284.82187431199395,384.8464908632794,862.6940033320502,629.8147196612346,image_cyl20.BMP
