,area,perimeter,orientation,eccentricity,convex_area,centroid_0,centroid_1,major_axis_length,minor_axis_length,label
0,294336,2286.4650788387053,1.4415476588458718,0.8432475004237451,297979,359.18911719939115,362.15490120134814,853.2191917225962,458.62706460759154,image_let19.BMP
