,area,perimeter,orientation,eccentricity,convex_area,centroid_0,centroid_1,major_axis_length,minor_axis_length,label
0,411701,2566.7178207935913,-1.5696007302227768,0.6774994291624766,414544,283.98936121117026,384.1600627639962,863.2580264762321,634.9463915881489,image_let51.BMP
