,area,perimeter,orientation,eccentricity,convex_area,centroid_0,centroid_1,major_axis_length,minor_axis_length,label
0,167206,2247.1971849821693,0.19741867046265538,0.7282094122383802,193595,301.06906450725455,178.21284523282657,592.874585864791,406.3293783599718,image_svar63.BMP
1,30498,903.636651713959,0.5405616682488011,0.9236046800903817,36986,313.2988064791134,670.5965637090957,340.1748066496292,130.40475756051842,image_svar63.BMP
2,995,117.84062043356595,0.3022507043509876,0.664991357266815,1014,511.6030150753769,414.69849246231155,41.31415425601586,30.855519593127298,image_svar63.BMP
