,area,perimeter,orientation,eccentricity,convex_area,centroid_0,centroid_1,major_axis_length,minor_axis_length,label
0,6796,386.0904037956216,0.4617937399467204,0.9350882732051196,7296,84.94526191877576,117.62448499117127,158.5513968827038,56.192977464838364,image_let83.BMP
1,34681,793.4762261269984,1.4241853071284807,0.6899781407340019,37258,165.32770104668262,649.5715809809406,253.40014876757604,183.41868156625907,image_let83.BMP
2,64409,1788.6347391416552,1.3637272915795078,0.8555548935742817,98965,411.3128444782561,393.4744678538714,507.2830551785385,262.62657853189074,image_let83.BMP
3,10059,398.97770542341357,-0.3247387482586768,0.7691901381928143,10314,477.77472909831994,718.6521523014217,144.65289574840554,92.43609014829262,image_let83.BMP
4,5152,326.10155108391484,0.03425703754232729,0.8649314698498818,5591,498.1366459627329,73.54211956521739,115.90993453570846,58.17403477661195,image_let83.BMP
