,area,perimeter,orientation,eccentricity,convex_area,centroid_0,centroid_1,major_axis_length,minor_axis_length,label
0,134721,2429.9211024301703,0.8187233590286286,0.8821342766935671,186336,228.0110302031606,380.5750773821453,686.3082125129599,323.24979684566097,image_svar14.BMP
