,area,perimeter,orientation,eccentricity,convex_area,centroid_0,centroid_1,major_axis_length,minor_axis_length,label
0,96192,1424.3961030678927,1.4873576637010515,0.8770470186181208,102343,294.48481162674653,251.08719020292747,511.5014035059019,245.72759916526454,image_svar75.BMP
