,area,perimeter,orientation,eccentricity,convex_area,centroid_0,centroid_1,major_axis_length,minor_axis_length,label
0,113631,2203.9545442950503,0.8323505728934035,0.6725750408726271,158555,249.59969550562786,171.11945683836277,520.6290701707508,385.2805727257303,image_svar80.BMP
1,4921,262.5512985522207,1.3526779401500213,0.6798815536918321,4969,52.52570615728511,707.903474903475,92.53055984568331,67.85468998744203,image_svar80.BMP
2,11018,562.8721497261419,0.35299273178272506,0.8765994205959051,13988,471.0291341441278,454.6929569794881,189.1190405646609,91.00801549631322,image_svar80.BMP
3,7779,377.22034611053283,-0.5334684661676379,0.6593605553637261,8244,493.15323306337575,711.3344902943824,115.89144559633198,87.13030400299218,image_svar80.BMP
4,7469,347.0782104868018,1.3274817233439962,0.5482401600618467,7862,508.96960771187577,582.8216628732092,107.8553833022577,90.20171633491586,image_svar80.BMP
