,area,perimeter,orientation,eccentricity,convex_area,centroid_0,centroid_1,major_axis_length,minor_axis_length,label
0,151060,2277.269298814561,1.3176195098955308,0.8566151737235802,199670,259.6095922150139,442.64469085131736,681.2039034776494,351.47114234103384,image_let40.BMP
1,9369,452.58178182427014,-0.9551727041651982,0.8918441083230232,10429,482.7159782260647,676.3426192763369,167.38737938353984,75.71649025824581,image_let40.BMP
