,area,perimeter,orientation,eccentricity,convex_area,centroid_0,centroid_1,major_axis_length,minor_axis_length,label
0,155801,2962.2591975467944,1.3232154135528764,0.9246811245486648,256463,222.41989460914886,428.66929608924204,932.3762323090533,354.9952167308843,image_svar07.BMP
1,48345,1213.7981233214462,-1.157400617926234,0.859156548201419,59116,359.49963801840937,279.3363326093702,375.5043574152137,192.15039935342708,image_svar07.BMP
