,area,perimeter,orientation,eccentricity,convex_area,centroid_0,centroid_1,major_axis_length,minor_axis_length,label
0,3433,218.16652224137047,1.1759680753780954,0.5897344633693974,3477,164.50189338770755,709.0597145353918,73.62100737544442,59.45612056924544,image_cyl17.BMP
1,100016,1915.9362543318205,-1.5310708484254996,0.9512644692743257,128947,374.26973684210526,306.68138097904335,740.0364423399981,228.2096604709805,image_cyl17.BMP
