,area,perimeter,orientation,eccentricity,convex_area,centroid_0,centroid_1,major_axis_length,minor_axis_length,label
0,157514,2093.018469431979,1.3783652408144795,0.6501878869200449,173319,181.37094480490623,256.5774597813528,534.1885904585369,405.86231408075776,image_svar76.BMP
