,area,perimeter,orientation,eccentricity,convex_area,centroid_0,centroid_1,major_axis_length,minor_axis_length,label
0,191262,3883.180120508215,1.4176249284089468,0.879080142535386,264710,226.45652560362225,358.9522435193609,845.4995341682564,403.0276455921854,image_para13.BMP
