,area,perimeter,orientation,eccentricity,convex_area,centroid_0,centroid_1,major_axis_length,minor_axis_length,label
0,73585,1733.2144289248724,1.0431844098866074,0.9613231836304176,105226,261.3187606169736,257.8464089148604,675.9484428132121,186.17163468511393,image_mod61.BMP
