,area,perimeter,orientation,eccentricity,convex_area,centroid_0,centroid_1,major_axis_length,minor_axis_length,label
0,103700,1658.4743135546946,1.0626328363998754,0.8901940532382736,119332,315.44962391513985,455.46365477338475,564.0152612045483,256.9549462292006,image_let03.BMP
