,area,perimeter,orientation,eccentricity,convex_area,centroid_0,centroid_1,major_axis_length,minor_axis_length,label
0,12024,540.3158005400378,0.9220238344135371,0.9137332452160839,14818,303.8394876912841,402.4139221556886,209.48218087327447,85.11566915086972,image_cyl09.BMP
1,32999,985.8853890554882,0.8985734285306746,0.8939252806041823,40082,451.93445255916845,197.6482014606503,330.1037615942739,147.95779130415735,image_cyl09.BMP
2,1182,143.15432893255073,1.4999923492607896,0.7799416555926914,1248,497.95516074450086,637.7241962774958,49.611644487821295,31.04955833965703,image_cyl09.BMP
