,area,perimeter,orientation,eccentricity,convex_area,centroid_0,centroid_1,major_axis_length,minor_axis_length,label
0,17324,543.6883835420683,-1.1829824687411157,0.6858281010171701,18244,77.47379358115909,680.7216000923574,176.26319734091908,128.2779340030043,image_svar22.BMP
1,39288,1026.216341497176,-1.542117851828374,0.9583334735848642,42983,266.2329973528813,336.15170026471185,429.1424145277334,122.58530509182219,image_svar22.BMP
2,19006,749.2569260369921,1.54412314814465,0.9580077988472981,22873,476.78822477112493,247.24960538777228,311.2284021423907,89.24229941364881,image_svar22.BMP
