,area,perimeter,orientation,eccentricity,convex_area,centroid_0,centroid_1,major_axis_length,minor_axis_length,label
0,66083,1019.4427842621187,0.7899517895537148,0.6930421366858156,67226,302.6904347562913,356.42669067687604,343.5970022848872,247.69807488739073,image_inter21.BMP
