,area,perimeter,orientation,eccentricity,convex_area,centroid_0,centroid_1,major_axis_length,minor_axis_length,label
0,166033,2141.7930726875625,-1.5604586853925877,0.4510877629335923,205687,262.86201538248423,560.8929429691688,562.6106314112063,502.11850929674716,image_super10.BMP
