,area,perimeter,orientation,eccentricity,convex_area,centroid_0,centroid_1,major_axis_length,minor_axis_length,label
0,113533,1905.4103884177657,0.9187471457875979,0.7519411979996308,146441,276.55500162948215,555.5823945460791,511.57095600978664,337.2430151700148,image_para20.BMP
