,area,perimeter,orientation,eccentricity,convex_area,centroid_0,centroid_1,major_axis_length,minor_axis_length,label
0,156866,2095.935208311294,0.45390449558185403,0.8577259554251485,186520,267.27244272181355,313.8709344281106,646.4148880733376,332.32653073019316,image_svar31.BMP
