,area,perimeter,orientation,eccentricity,convex_area,centroid_0,centroid_1,major_axis_length,minor_axis_length,label
0,219837,2999.0937213259504,-1.1117494428372021,0.8162484444127607,291080,245.0455610293081,308.6453508736018,818.1734169535105,472.65962351919404,image_let98.BMP
