,area,perimeter,orientation,eccentricity,convex_area,centroid_0,centroid_1,major_axis_length,minor_axis_length,label
0,244233,2396.640835796065,1.0080668905438694,0.7316590326307916,263538,238.81995880982504,504.72519684072176,712.8738757785146,485.94529495095287,image_let31.BMP
