,area,perimeter,orientation,eccentricity,convex_area,centroid_0,centroid_1,major_axis_length,minor_axis_length,label
0,1539,153.69848480983498,-0.47803113927533,0.46245326018220945,1584,29.55685510071475,274.2923976608187,47.610725890677436,42.21374832148858,image_mod02.BMP
1,3506,270.1665222413705,0.5296445710374733,0.7718935885762478,4028,74.38961779806047,504.82344552196236,88.87332436295888,56.501371512116386,image_mod02.BMP
2,1270,142.5269119345812,0.04018829535957616,0.5355740779168608,1326,86.24803149606299,33.016535433070864,44.681655393209866,37.73313304089333,image_mod02.BMP
3,131109,2265.765727477093,1.3354224286983782,0.9122608269925105,155275,262.0162460243004,379.19519636333126,677.9897395535404,277.7112377133753,image_mod02.BMP
