,area,perimeter,orientation,eccentricity,convex_area,centroid_0,centroid_1,major_axis_length,minor_axis_length,label
0,27518,689.8376618407357,-0.69362596872379,0.8056662270307485,28481,223.4150374300458,249.3559488334908,245.7159358057648,145.55468951899178,image_mod25.BMP
1,8814,370.77669529663694,-1.016278593856531,0.7448495354918269,8990,305.14817336056274,414.1919673247107,129.94954636216613,86.70655683894537,image_mod25.BMP
