,area,perimeter,orientation,eccentricity,convex_area,centroid_0,centroid_1,major_axis_length,minor_axis_length,label
0,51673,1299.1341263970173,0.2600673102526345,0.870507335410178,67176,160.40191202368743,672.2357130416272,434.4344417270373,213.8092746470836,image_svar103.BMP
1,30155,812.6660889654819,1.2589840469090963,0.8710923329995074,33836,236.19267119880618,321.4078262311391,289.76876655333615,142.31102805568253,image_svar103.BMP
2,2055,165.05382386916236,-0.4436452643996426,0.37682468737888725,2072,177.71192214111923,563.8340632603406,53.22288103765989,49.29953492298322,image_svar103.BMP
3,1243,129.59797974644667,-0.04268510412283605,0.4214155431470257,1261,317.0185036202735,560.1456154465004,41.97518141547605,38.06593425302937,image_svar103.BMP
4,2861,204.16652224137047,-1.0379227459950127,0.447955307115965,2939,362.48269835721777,82.31142957008039,63.915283266758216,57.143839339765215,image_svar103.BMP
