,area,perimeter,orientation,eccentricity,convex_area,centroid_0,centroid_1,major_axis_length,minor_axis_length,label
0,154023,2472.13325984524,0.6744910104489205,0.5726128518423571,185048,199.21165670062263,249.78375307583931,542.4308757354996,444.6988860465138,image_svar72.BMP
1,10196,439.98989873223326,0.17179647256883568,0.8445300255236351,10914,269.72881522165557,552.325912122401,160.0050907462697,85.68403869239314,image_svar72.BMP
