,area,perimeter,orientation,eccentricity,convex_area,centroid_0,centroid_1,major_axis_length,minor_axis_length,label
0,5252,321.9066376115481,0.5226603170322485,0.7421384697177394,5614,200.77989337395277,43.857387661843106,101.01732498145144,67.70651762674684,image_mod71.BMP
1,141578,2040.8935777509512,1.4581931468302367,0.9225394749017415,158316,435.6930172766955,298.5021330997754,719.4139714569305,277.6238157965581,image_mod71.BMP
