,area,perimeter,orientation,eccentricity,convex_area,centroid_0,centroid_1,major_axis_length,minor_axis_length,label
0,44864,962.9676041556469,0.6807018495746566,0.8292805770458839,50075,117.02021665477889,660.1380839871612,344.9662908773827,192.7783628570146,image_cyl43.BMP
1,20796,593.9726547895302,-0.07214538503809712,0.8143469373873083,21176,164.6355068282362,68.25365454895172,216.04813392841982,125.3896662685486,image_cyl43.BMP
2,14003,459.30360723121805,1.5369936979024899,0.7439213749709295,14169,201.70484896093694,333.70577733342856,163.61042679874103,109.33547412802541,image_cyl43.BMP
3,53187,1066.0163773909258,-0.8407645313632184,0.7296178794349423,60242,390.63019158817,440.31468215917425,336.2553936118058,229.94995407533506,image_cyl43.BMP
4,2931,225.16652224137047,1.5367688856126365,0.756420911377793,3078,535.3944046400546,119.48277038553395,76.56690598507632,50.08127743764319,image_cyl43.BMP
