,area,perimeter,orientation,eccentricity,convex_area,centroid_0,centroid_1,major_axis_length,minor_axis_length,label
0,40292,1103.9503602129437,1.1908561178092245,0.9165769478219314,49036,245.9589248486052,460.09912637744463,381.6999735816306,152.6259209902501,image_para35.BMP
1,5096,303.373629022557,1.5414554848717321,0.8425935284771304,5331,383.1662087912088,403.3973704866562,110.39973404532519,59.45578120500562,image_para35.BMP
