,area,perimeter,orientation,eccentricity,convex_area,centroid_0,centroid_1,major_axis_length,minor_axis_length,label
0,55439,899.9970414071697,0.17226346220383126,0.4668934334433248,56073,256.67726690596874,435.098161943758,283.7315624015756,250.90767595790604,image_super07.BMP
