,area,perimeter,orientation,eccentricity,convex_area,centroid_0,centroid_1,major_axis_length,minor_axis_length,label
0,158769,1990.2123368838195,0.7739954554404882,0.7182248722936867,172714,365.906386007344,196.05703254413646,570.1235318799554,396.6982597039892,image_svar41.BMP
