,area,perimeter,orientation,eccentricity,convex_area,centroid_0,centroid_1,major_axis_length,minor_axis_length,label
0,115133,1454.5088014401008,-1.512520583218669,0.6540763225265,122708,288.1888511547515,406.76568837778916,451.47191228616254,341.5062478722982,image_inter34.BMP
1,1672,159.6396103067893,1.5193107116617688,0.7277568308944881,1727,186.64114832535884,94.42822966507177,55.95780812808359,38.377837528662404,image_inter34.BMP
