,area,perimeter,orientation,eccentricity,convex_area,centroid_0,centroid_1,major_axis_length,minor_axis_length,label
0,8757,422.8772003600252,-1.324796462637025,0.8841276607171907,9552,65.24334817859997,380.28834075596666,157.61098350656184,73.64300968653984,image_let36.BMP
1,21446,864.2051942088829,0.5900068371428077,0.9631614512283794,31221,170.82169169075817,663.1771425906929,378.2298044793216,101.715002384641,image_let36.BMP
2,2072,179.78174593052026,-0.18435684462658652,0.6999879690204378,2159,106.40057915057915,462.19015444015446,61.200600127616944,43.70669226882847,image_let36.BMP
3,6787,347.5218613006978,0.12638383529220715,0.8441894769128623,7089,221.71754825401504,428.7551200825107,127.9752117044655,68.6004586359097,image_let36.BMP
4,37957,1170.543289325507,0.9263368073497193,0.8184962515685914,53557,321.27568037516136,318.9196459151145,332.36973017029595,190.9503544586589,image_let36.BMP
5,852,112.42640687119285,0.6263605627313137,0.45685097467563435,898,342.3521126760563,635.093896713615,35.41700695278639,31.504959337020143,image_let36.BMP
6,14202,643.2213921310594,-1.0806072464207486,0.938753249492223,18533,501.5946345585129,603.0297141247712,263.0396592274234,90.64086230530886,image_let36.BMP
7,15853,595.3036072312182,-1.4339232962553567,0.9337540275736691,16969,519.6248659559704,134.70011985113229,244.2338705547413,87.41505747940323,image_let36.BMP
