,area,perimeter,orientation,eccentricity,convex_area,centroid_0,centroid_1,major_axis_length,minor_axis_length,label
0,133966,1632.8691911333117,-1.400640626358954,0.730968423641812,142279,410.9587283340549,270.5910156308317,512.4089368972061,349.6736417279933,image_svar42.BMP
1,4454,253.9655121145938,1.1530625100090752,0.36502554896667877,4553,520.8167938931298,607.4811405478222,78.20318919928125,72.80697378756034,image_svar42.BMP
