,area,perimeter,orientation,eccentricity,convex_area,centroid_0,centroid_1,major_axis_length,minor_axis_length,label
0,205264,2051.8641404994282,1.511254434370051,0.5686377682112779,227562,323.3809533089095,521.746355912386,588.4215446072901,484.0285268651337,image_inter38.BMP
