,area,perimeter,orientation,eccentricity,convex_area,centroid_0,centroid_1,major_axis_length,minor_axis_length,label
0,181314,2604.0489527040286,0.5904444015868513,0.6998226975691499,231670,335.89927970261533,208.4584588062698,651.5602712412596,465.4203116879412,image_mod76.BMP
