,area,perimeter,orientation,eccentricity,convex_area,centroid_0,centroid_1,major_axis_length,minor_axis_length,label
0,87497,1289.9453095790602,1.3144263125607902,0.8283204638426702,92468,301.263929048996,570.3911676971782,456.82837262001544,255.94019405538018,image_svar25.BMP
