,area,perimeter,orientation,eccentricity,convex_area,centroid_0,centroid_1,major_axis_length,minor_axis_length,label
0,219506,2508.9879861599297,1.4719811354563606,0.8864251343269722,243713,405.75316392262624,363.6663462502164,813.8196227472479,376.69431013419455,image_let62.BMP
