,area,perimeter,orientation,eccentricity,convex_area,centroid_0,centroid_1,major_axis_length,minor_axis_length,label
0,191234,3884.351693383469,1.417677057463327,0.8790777230287973,264677,226.44829894265663,358.94705962328874,845.5154813227846,403.0390198902678,image_para10.BMP
