,area,perimeter,orientation,eccentricity,convex_area,centroid_0,centroid_1,major_axis_length,minor_axis_length,label
0,406861,2586.4701294725887,-1.5667120973183188,0.6790543174802809,410485,282.4768950575258,382.6445149571967,858.7324741444386,630.3852291433432,image_super33.BMP
