,area,perimeter,orientation,eccentricity,convex_area,centroid_0,centroid_1,major_axis_length,minor_axis_length,label
0,2705,196.42640687119285,-0.03142203076430656,0.5884955230219167,2740,109.30277264325323,736.4617375231054,65.72880829003907,53.14177277684625,image_cyl24.BMP
1,8079,352.5340546095176,1.310052520969084,0.5566605417052447,8268,218.99752444609481,518.1930932046046,111.98092334372758,93.02703857435625,image_cyl24.BMP
2,14690,546.7422074112307,-0.8977669447029483,0.8969025275420515,16335,370.15656909462217,325.8622191967325,213.89909648993094,94.59223061216873,image_cyl24.BMP
