,area,perimeter,orientation,eccentricity,convex_area,centroid_0,centroid_1,major_axis_length,minor_axis_length,label
0,3270,210.40916292848976,0.45015600056807153,0.41815693794728837,3299,136.40672782874617,557.397247706422,67.76631315886446,61.557211086756375,image_let25.BMP
1,151477,2050.1088732276007,1.4500854014536881,0.9406278016126265,172412,376.02294077648753,353.5477399209121,781.4470633075974,265.25418999823154,image_let25.BMP
