,area,perimeter,orientation,eccentricity,convex_area,centroid_0,centroid_1,major_axis_length,minor_axis_length,label
0,140320,1947.177848998413,1.1645942333540977,0.7742146971760999,173621,228.92172177879132,210.87898375142532,605.4608915334837,383.21016151740395,image_svar90.BMP
1,10607,389.60512242138304,1.1392178138603068,0.6333363409065775,10751,509.37654379183556,249.72602998020176,132.27878822986406,102.3674663450842,image_svar90.BMP
