,area,perimeter,orientation,eccentricity,convex_area,centroid_0,centroid_1,major_axis_length,minor_axis_length,label
0,51350,1133.9280656363574,-0.2770493577125436,0.5938877688598527,63540,255.30319376825705,124.11620253164557,307.3989759673251,247.317199545868,image_para38.BMP
1,24759,788.38181771802,1.0119273807092461,0.8310494504829173,29597,204.87955894826123,578.8947049557737,253.5823252843802,141.04211794266925,image_para38.BMP
2,1286,137.08326112068522,-1.0184267000705853,0.21416384890237802,1342,215.2045101088647,327.81259720062206,41.26340098494031,40.30599726939358,image_para38.BMP
