,area,perimeter,orientation,eccentricity,convex_area,centroid_0,centroid_1,major_axis_length,minor_axis_length,label
0,71447,1098.5554826343268,-0.8145932488834481,0.7364911822054372,75258,337.71033073467044,546.0454042856943,370.6550545644956,250.72855304407912,image_cyl29.BMP
1,5372,299.5218613006978,1.0855683247680865,0.8524858101071348,5555,336.18875651526434,279.59251675353687,114.73597875285033,59.978274712242545,image_cyl29.BMP
