,area,perimeter,orientation,eccentricity,convex_area,centroid_0,centroid_1,major_axis_length,minor_axis_length,label
0,409170,2561.830519165799,1.5643092309556872,0.6772491220788078,411804,283.29245301463936,384.1060586064472,859.619595758081,632.4683680271778,image_super41.BMP
