,area,perimeter,orientation,eccentricity,convex_area,centroid_0,centroid_1,major_axis_length,minor_axis_length,label
0,90707,1242.3300858899108,-1.3125932315079756,0.5475958296683785,94880,253.95322301476182,454.35376542052984,376.89897938456363,315.3675735364857,image_super35.BMP
