,area,perimeter,orientation,eccentricity,convex_area,centroid_0,centroid_1,major_axis_length,minor_axis_length,label
0,2458,182.50966799187808,0.8955598331631933,0.3712185808439765,2486,61.56794141578519,152.17819365337672,58.10591592848684,53.95398737409578,image_inter39.BMP
1,96282,1235.2722574073914,-0.6223517377500425,0.43933548374632225,97888,337.72264805467273,459.3833634531896,370.26336318618274,332.6161200186703,image_inter39.BMP
