,area,perimeter,orientation,eccentricity,convex_area,centroid_0,centroid_1,major_axis_length,minor_axis_length,label
0,10612,416.3746750430835,-1.2469487476667165,0.6934729086297046,10947,117.97295514511873,345.6303241613268,137.61895437359317,99.15207620003056,image_svar69.BMP
1,74430,1335.9352083112935,-0.5116537733114426,0.5649622756576299,87117,307.32652156388554,569.309740695956,366.79486929707076,302.6485851262261,image_svar69.BMP
2,2077,178.71067811865476,-0.2688800928721608,0.6357939479896136,2164,240.55416466056812,333.3577274915744,58.99950450596794,45.53928860458014,image_svar69.BMP
3,2467,183.39696961967002,1.2289444350399787,0.3402671228583058,2493,534.6501824077827,428.66720713417106,57.95647786902154,54.49814630353142,image_svar69.BMP
