,area,perimeter,orientation,eccentricity,convex_area,centroid_0,centroid_1,major_axis_length,minor_axis_length,label
0,219512,3008.093721325951,-1.110168404796954,0.8167300731491004,290907,244.92335270964685,308.31683917052374,818.4689158006048,472.2728679894242,image_let90.BMP
