,area,perimeter,orientation,eccentricity,convex_area,centroid_0,centroid_1,major_axis_length,minor_axis_length,label
0,26305,667.0142853498728,0.15780140712694563,0.6088378008776388,27206,99.62155483748337,684.730963695115,207.13322807177272,164.3176987041735,image_let22.BMP
1,7544,398.0609665440988,1.262698632228159,0.8107549578838391,8295,112.87685577942736,133.33814952279957,131.3978752231055,76.91843497772493,image_let22.BMP
2,18757,589.6883835420683,-1.5042580962906553,0.9076994346210352,19197,292.59577757637146,388.42074958682093,240.32803884897857,100.84667845851226,image_let22.BMP
3,20194,605.9554108468271,0.5870414488521943,0.8459346412410391,21016,333.88967019906903,691.6388036050312,225.04684138989393,120.0144617224213,image_let22.BMP
