,area,perimeter,orientation,eccentricity,convex_area,centroid_0,centroid_1,major_axis_length,minor_axis_length,label
0,148382,2054.0773439350246,1.5222192523440083,0.9600168576447556,173717,270.88491191653975,404.8669515170304,857.672112111747,240.09861441537947,image_svar105.BMP
