,area,perimeter,orientation,eccentricity,convex_area,centroid_0,centroid_1,major_axis_length,minor_axis_length,label
0,410206,2586.6000717875,1.561476699314419,0.681994930720922,413701,284.90021111344055,381.5366230625588,863.5568670197069,631.568272820056,image_cyl44.BMP
