,area,perimeter,orientation,eccentricity,convex_area,centroid_0,centroid_1,major_axis_length,minor_axis_length,label
0,134636,1876.7413408594534,-1.4715988332623244,0.785397377421258,169790,372.1035235746754,482.6681273953475,577.9199466421576,357.727759879225,image_cyl04.BMP
