,area,perimeter,orientation,eccentricity,convex_area,centroid_0,centroid_1,major_axis_length,minor_axis_length,label
0,65971,1272.1473657263637,-0.6971716785866898,0.5652871602876575,75189,270.15461339073227,409.9769898894969,329.51195270088465,271.8124956616824,image_let41.BMP
1,28388,786.6417023478424,1.4826164364048522,0.9335423924560746,30211,505.786952233338,174.6143440890517,326.8121129918812,117.15136290378014,image_let41.BMP
