,area,perimeter,orientation,eccentricity,convex_area,centroid_0,centroid_1,major_axis_length,minor_axis_length,label
0,89403,1459.935208311294,1.0416542114863232,0.8353877737074603,99255,157.37969643076855,213.47110275941523,467.0139892403672,256.69939869349247,image_svar51.BMP
