,area,perimeter,orientation,eccentricity,convex_area,centroid_0,centroid_1,major_axis_length,minor_axis_length,label
0,4475,251.52186130069788,-1.120266423969077,0.6989802626285118,4526,213.49184357541898,196.53206703910615,89.31294450712758,63.8713448618943,image_cyl48.BMP
1,26552,683.9554108468271,1.429099827395318,0.870493700818441,27293,255.94000451943356,419.3759038867129,263.3571951022403,129.61902775374617,image_cyl48.BMP
