,area,perimeter,orientation,eccentricity,convex_area,centroid_0,centroid_1,major_axis_length,minor_axis_length,label
0,189850,2383.8834764831845,0.42507386363584765,0.7776548886170561,226546,314.583571240453,364.18844877534895,680.8404670740939,428.03854521724566,image_svar93.BMP
