,area,perimeter,orientation,eccentricity,convex_area,centroid_0,centroid_1,major_axis_length,minor_axis_length,label
0,137080,1782.7291475506338,0.17945081792776726,0.8566555203317678,153106,296.9738182083455,503.04341990078785,602.0464114630352,310.589038984961,image_svar95.BMP
