,area,perimeter,orientation,eccentricity,convex_area,centroid_0,centroid_1,major_axis_length,minor_axis_length,label
0,42588,962.4062043356594,1.3656871177714345,0.4617673824783425,48670,124.31743683666761,511.4088006011083,261.4946898728025,231.94606769676025,image_svar49.BMP
1,1296,131.84062043356596,-0.09315527795217576,0.2694110861207636,1315,110.31867283950618,171.0077160493827,41.61930730428199,40.08044456784458,image_svar49.BMP
2,26569,755.6244584051392,1.2218794914328264,0.8921368966640222,30219,323.13673830403854,459.163272987316,285.66506911457316,129.0535249659881,image_svar49.BMP
3,20477,773.7544007200504,0.196412376046676,0.8311069268299843,27462,456.8524197880549,114.66093666064364,253.18015681761662,140.79668718069883,image_svar49.BMP
