,area,perimeter,orientation,eccentricity,convex_area,centroid_0,centroid_1,major_axis_length,minor_axis_length,label
0,125091,2518.188129734929,0.4423763358975496,0.7941529730995674,189242,318.0734265454749,361.0347427073091,615.0051752175553,373.74965829667786,image_let74.BMP
1,18333,537.6295090390227,0.5207803673841984,0.632731501898415,18664,201.1779850542737,72.61135657011945,175.44135926435544,135.8567462247723,image_let74.BMP
2,1584,147.9827560572969,-0.07011962845884433,0.38022803782085174,1625,296.675505050505,691.2714646464647,46.79495964460411,43.280319930120775,image_let74.BMP
3,4662,328.1076477383247,-1.3522558373107452,0.9114448255845894,5527,478.27799227799227,133.29000429000428,126.21002671966305,51.92562269369226,image_let74.BMP
4,3039,228.36753236814712,-0.07069128672702506,0.8393842723823149,3198,502.95294504771306,696.7018756169792,85.77104319776977,46.619859610187795,image_let74.BMP
