,area,perimeter,orientation,eccentricity,convex_area,centroid_0,centroid_1,major_axis_length,minor_axis_length,label
0,141605,2534.4124804588187,-1.553336597637499,0.9050574840247274,193472,403.1604745595141,367.44459588291375,789.7451211632448,335.8701143980178,image_cyl34.BMP
