,area,perimeter,orientation,eccentricity,convex_area,centroid_0,centroid_1,major_axis_length,minor_axis_length,label
0,199271,2029.5027047856909,0.7783083144485234,0.6678241955560388,216259,337.61645698571294,219.77399119791642,612.7307999140627,456.067205101954,image_svar89.BMP
1,3175,206.16652224137044,-0.4304485405189433,0.40390805791016193,3204,516.8289763779527,675.5867716535433,66.52439659534959,60.85649039922177,image_svar89.BMP
