,area,perimeter,orientation,eccentricity,convex_area,centroid_0,centroid_1,major_axis_length,minor_axis_length,label
0,412513,2556.333044482741,-1.5696554680886556,0.6785742863759978,413824,283.4082198621619,383.3328840545631,864.0603946823186,634.6798209329846,image_cyl27.BMP
