,area,perimeter,orientation,eccentricity,convex_area,centroid_0,centroid_1,major_axis_length,minor_axis_length,label
0,412319,2560.475180106472,1.5618535581337,0.67988872550022,414740,283.2735042527752,383.9535578035453,864.5126306287957,633.9603342047777,image_let32.BMP
