,area,perimeter,orientation,eccentricity,convex_area,centroid_0,centroid_1,major_axis_length,minor_axis_length,label
0,111354,2220.2571055057415,0.3319529380823289,0.9302252678811551,165715,285.303240117104,379.13132891499185,742.5843869843379,272.5203267610967,image_svar28.BMP
