,area,perimeter,orientation,eccentricity,convex_area,centroid_0,centroid_1,major_axis_length,minor_axis_length,label
0,35317,897.9503602129438,1.3308971074918934,0.93807761374704,37597,287.1234816094232,393.5731800549311,364.51692183995067,126.27783250057543,image_mod13.BMP
