,area,perimeter,orientation,eccentricity,convex_area,centroid_0,centroid_1,major_axis_length,minor_axis_length,label
0,96293,1423.7098115668775,1.4881768694060722,0.8765670159022521,102713,294.594653816996,250.96122251877082,511.2872967541775,246.0722589431749,image_svar82.BMP
