,area,perimeter,orientation,eccentricity,convex_area,centroid_0,centroid_1,major_axis_length,minor_axis_length,label
0,234481,2613.2632021601507,1.2911317813974992,0.8998983633353035,273314,371.3450386172014,332.7329975563052,887.1950815090048,386.90549599600706,image_svar73.BMP
