,area,perimeter,orientation,eccentricity,convex_area,centroid_0,centroid_1,major_axis_length,minor_axis_length,label
0,49926,1226.579869251966,0.8465350751537778,0.9205365178851023,58970,224.60461482994833,351.507250731082,435.02128435928825,169.94390253331272,image_para23.BMP
