,area,perimeter,orientation,eccentricity,convex_area,centroid_0,centroid_1,major_axis_length,minor_axis_length,label
0,55848,913.317892581091,0.583606903948601,0.650336616499504,56409,273.9414303108437,380.3915807190947,306.29522167369026,232.67598833314116,image_inter15.BMP
