,area,perimeter,orientation,eccentricity,convex_area,centroid_0,centroid_1,major_axis_length,minor_axis_length,label
0,36530,920.749350086167,-0.737001443479348,0.7707601315499562,40782,205.28757185874625,409.14757733369834,278.8888619639492,177.68718742740302,image_svar87.BMP
1,20635,707.7716446627535,-1.3783020843237135,0.9453528036910229,22794,263.85059365156286,633.1016719166465,288.0232818178895,93.90975873336765,image_svar87.BMP
2,20523,664.7544007200504,0.7022749330899856,0.9171737618089956,22682,471.48097256736344,549.7284510061882,264.5747038214683,105.4297132826166,image_svar87.BMP
