,area,perimeter,orientation,eccentricity,convex_area,centroid_0,centroid_1,major_axis_length,minor_axis_length,label
0,596,93.11269837220809,-1.4401462600045922,0.6638424311086164,614,107.36577181208054,188.24664429530202,32.09201841101819,24.000736974975542,image_inter09.BMP
1,50867,934.0041840821061,0.9930626476805507,0.578088225534501,52905,313.5728468358661,413.52112371478563,286.4089880017278,233.7023638875989,image_inter09.BMP
