,area,perimeter,orientation,eccentricity,convex_area,centroid_0,centroid_1,major_axis_length,minor_axis_length,label
0,26297,720.1686142824235,-1.3031168229505377,0.8032479086288411,28685,80.52572536791268,624.9251245389208,240.26824040471348,143.11454202279734,image_svar58.BMP
1,149678,1912.8174593052022,1.0709272496695648,0.5998387813224048,166351,380.4341787036171,234.00906612862278,507.1889818196433,405.8124988367484,image_svar58.BMP
