,area,perimeter,orientation,eccentricity,convex_area,centroid_0,centroid_1,major_axis_length,minor_axis_length,label
0,100070,1656.3027406794408,1.3461251113666322,0.904103519921983,118859,307.78444089137605,471.4787248925752,569.784994106833,243.47681873414436,image_mod100.BMP
1,3746,226.7523086789974,1.3721799978090239,0.5515138698084987,3784,299.86465563267484,58.04244527495996,75.6662780021374,63.11821540478956,image_mod100.BMP
2,12107,422.7766952966369,1.2614756759412058,0.5329331050747516,12358,504.56397125629803,696.0163541752705,135.2413048840501,114.4354277119508,image_mod100.BMP
