,area,perimeter,orientation,eccentricity,convex_area,centroid_0,centroid_1,major_axis_length,minor_axis_length,label
0,102626,1970.2854967367377,1.4602525087694564,0.7357690251586976,121494,250.10175783914408,234.85795022703797,472.07531195246975,319.7047724769758,image_let63.BMP
