,area,perimeter,orientation,eccentricity,convex_area,centroid_0,centroid_1,major_axis_length,minor_axis_length,label
0,219488,3009.265294201204,-1.1103606098721672,0.816755346661749,290907,245.02009677066627,308.2968636098557,818.4472542671548,472.2310893146692,image_let95.BMP
