,area,perimeter,orientation,eccentricity,convex_area,centroid_0,centroid_1,major_axis_length,minor_axis_length,label
0,12094,435.6761902332485,-0.0806948558846757,0.5911193716532195,12471,78.82330081031917,496.4068132958492,139.735916153212,112.70876626966147,image_para37.BMP
1,870,115.35533905932738,1.4653192749790034,0.7234502178344796,903,178.44482758620688,172.68275862068967,40.51900831033906,27.973373211475252,image_para37.BMP
2,29051,884.0691552395617,0.8083116008062388,0.9172885021391701,34124,336.8426904409487,413.0035110667447,326.28095996900555,129.93268354762083,image_para37.BMP
3,9165,425.0254326381661,-0.6779147953360797,0.811813836197895,9821,336.5138025095472,670.5887615930169,144.92025995391296,84.62130818603377,image_para37.BMP
