,area,perimeter,orientation,eccentricity,convex_area,centroid_0,centroid_1,major_axis_length,minor_axis_length,label
0,40483,815.4528855298853,-0.001499931793106337,0.7557602663492733,41518,331.1756786799397,682.5181928216782,288.903442862059,189.18795573001708,image_para16.BMP
1,30833,849.0681092190351,1.4238091870520575,0.9194830391899119,34269,256.99980540330165,405.7966464502319,329.9566893326238,129.71576573778137,image_para16.BMP
2,2803,194.65180361560905,-0.4712572799323767,0.2331212217483731,2825,287.4216910453086,38.16981805208705,60.67153239489551,58.99989109518903,image_para16.BMP
