,area,perimeter,orientation,eccentricity,convex_area,centroid_0,centroid_1,major_axis_length,minor_axis_length,label
0,56222,1378.1067811865476,0.6458634622765862,0.9672134648923961,69727,345.4251182810999,407.39183949343675,562.7045805059882,142.90714925881875,image_let28.BMP
1,16805,542.1564209736038,0.697175627971606,0.852685626833972,17293,314.8274918179113,689.2867003867897,204.59287677298906,106.88430464121434,image_let28.BMP
