,area,perimeter,orientation,eccentricity,convex_area,centroid_0,centroid_1,major_axis_length,minor_axis_length,label
0,95923,1368.6631303726515,-0.8663616907706987,0.618017581911668,103108,300.5178737112059,432.14255183845376,401.4543864883036,315.6090969957779,image_super34.BMP
