,area,perimeter,orientation,eccentricity,convex_area,centroid_0,centroid_1,major_axis_length,minor_axis_length,label
0,1180,134.18376618407356,0.9623972074338156,0.2822007355556484,1227,156.89237288135593,50.88559322033898,39.9918865280281,38.36643149111273,image_svar56.BMP
1,177940,1977.3372285648468,-1.3782390339019566,0.6619575723169835,196370,375.3962796448241,522.8237720579971,567.6720132543272,425.4936233500354,image_svar56.BMP
2,1961,165.88225099390857,-1.4088927464193732,0.3218168239048814,2009,191.45792962774095,113.20856705762367,51.48761537473477,48.748574619376235,image_svar56.BMP
3,1394,156.36143571373725,1.3311879662953254,0.6055078568937736,1534,334.39885222381633,111.60186513629843,48.294677602138144,38.434803746057774,image_svar56.BMP
