,area,perimeter,orientation,eccentricity,convex_area,centroid_0,centroid_1,major_axis_length,minor_axis_length,label
0,79194,1142.57272657703,1.5253988806083634,0.46443494304005095,82702,314.55059726746975,386.70472510543726,342.9019177205057,303.6764209708422,image_super06.BMP
