,area,perimeter,orientation,eccentricity,convex_area,centroid_0,centroid_1,major_axis_length,minor_axis_length,label
0,3433,218.16652224137047,1.1759680753780954,0.5897344633693974,3477,164.50189338770755,709.0597145353918,73.62100737544442,59.45612056924544,image_cyl15.BMP
1,100232,1928.8712831743646,-1.531234266160397,0.9513418782415703,128947,374.2705922260356,307.0842645063453,740.060388527042,228.0402520508779,image_cyl15.BMP
