,area,perimeter,orientation,eccentricity,convex_area,centroid_0,centroid_1,major_axis_length,minor_axis_length,label
0,104154,2383.7484835343903,-1.521897447659791,0.9176124641806671,154761,258.3307218157728,497.64432474988956,701.8761531352806,278.9790980160248,image_para49.BMP
