,area,perimeter,orientation,eccentricity,convex_area,centroid_0,centroid_1,major_axis_length,minor_axis_length,label
0,13266,484.303607231218,1.0846133213102578,0.7778394076024275,13797,60.120081411126186,545.231720186944,165.4700759738151,103.99183531332908,image_svar02.BMP
1,87784,1688.8752877877216,-1.0015986154002907,0.7151428908844228,114914,238.8445844345211,614.220051490021,473.20359702925913,330.7590396266756,image_svar02.BMP
2,4853,264.5929291125633,1.1145469601732558,0.626218835838649,4906,524.5526478466928,48.53513290747991,89.15998006238684,69.51334099686471,image_svar02.BMP
