,area,perimeter,orientation,eccentricity,convex_area,centroid_0,centroid_1,major_axis_length,minor_axis_length,label
0,11946,500.71782079359116,1.4647526083890747,0.9111627125598333,12848,125.37368156705173,633.8855683910932,194.8187786680337,80.27444152889667,image_mod66.BMP
1,90220,1437.9057710597708,-1.4871751542969547,0.7845197113921543,101979,301.310773664376,312.63125692751055,447.467019533482,277.4760351457069,image_mod66.BMP
2,1534,163.66904755831214,-1.250552246384945,0.7357149050799605,1662,369.8624511082138,608.6212516297262,54.44711787960721,36.87656219972478,image_mod66.BMP
3,3706,246.30865786510142,0.7239405376347785,0.8247048260740956,3849,410.24851592012953,60.857528332433894,91.80434465087335,51.92117651884431,image_mod66.BMP
4,3105,231.39696961967,-1.5700129612190152,0.8654271453473328,3238,408.3307568438003,691.8544283413848,90.49830722975446,45.342799934259695,image_mod66.BMP
