,area,perimeter,orientation,eccentricity,convex_area,centroid_0,centroid_1,major_axis_length,minor_axis_length,label
0,62153,1526.4377336282353,1.4722190897024836,0.9707505367290163,78692,310.3817514842405,492.3266133573601,616.780988396457,148.0831881385714,image_mod77.BMP
1,16694,533.2447327281723,1.186062214093618,0.7987105688356824,17335,501.8911585000599,663.3020246795256,188.9612359407011,113.7008863960246,image_mod77.BMP
