,area,perimeter,orientation,eccentricity,convex_area,centroid_0,centroid_1,major_axis_length,minor_axis_length,label
0,100824,1287.0113267570425,-0.2261186302390308,0.6639913504058395,104389,273.63782432754107,353.3490736332619,417.1298414509297,311.90477335601554,image_super50.BMP
