,area,perimeter,orientation,eccentricity,convex_area,centroid_0,centroid_1,major_axis_length,minor_axis_length,label
0,67336,1447.685424949238,1.223201666114809,0.9542689716263445,87580,437.0350332660093,517.9445318997267,588.1050999905208,175.81365303876223,image_cyl26.BMP
