,area,perimeter,orientation,eccentricity,convex_area,centroid_0,centroid_1,major_axis_length,minor_axis_length,label
0,11996,542.0437226013956,0.9210132492819114,0.914985796659114,14803,303.6984828276092,402.11712237412473,210.13420416657243,84.78621984435772,image_cyl10.BMP
1,32999,985.8853890554882,0.8985734285306746,0.8939252806041823,40082,451.93445255916845,197.6482014606503,330.1037615942739,147.95779130415735,image_cyl10.BMP
2,1182,143.15432893255073,1.4999923492607896,0.7799416555926914,1248,497.95516074450086,637.7241962774958,49.611644487821295,31.04955833965703,image_cyl10.BMP
