,area,perimeter,orientation,eccentricity,convex_area,centroid_0,centroid_1,major_axis_length,minor_axis_length,label
0,409069,2586.256926036992,-1.5609155622213802,0.6767742781317438,412788,283.23560572910685,383.17062402675344,860.2622466474253,633.3169660382238,image_let89.BMP
