,area,perimeter,orientation,eccentricity,convex_area,centroid_0,centroid_1,major_axis_length,minor_axis_length,label
0,176864,1718.5382386916237,1.4689794702522556,0.6990178106224267,180510,377.7549359960195,293.7158381581328,564.3867791651911,403.5953891857412,image_mod87.BMP
