,area,perimeter,orientation,eccentricity,convex_area,centroid_0,centroid_1,major_axis_length,minor_axis_length,label
0,28875,780.7422074112307,1.193051759760894,0.681261523681235,32176,85.92263203463203,387.32477922077925,234.3617541197652,171.56220645907885,image_svar48.BMP
1,1308,133.25483399593904,-0.03247550369287327,0.4134374669229759,1332,41.5611620795107,46.06574923547401,42.99425173465327,39.14766416419891,image_svar48.BMP
2,26421,757.4945160902281,1.2226517895384619,0.8914374260635517,30157,255.39949282767495,335.296771507513,285.63804394366906,129.43511241872073,image_svar48.BMP
3,5641,321.7228714274745,-0.03640767855756884,0.8590471344911773,5834,403.6894167700762,34.155468888494944,119.73405289695157,61.29144190825421,image_svar48.BMP
