,area,perimeter,orientation,eccentricity,convex_area,centroid_0,centroid_1,major_axis_length,minor_axis_length,label
0,189813,2271.7169542418137,-1.3315758927355965,0.891031685375694,222254,404.7113316790736,408.7527408554735,770.7097136816645,349.8568265739783,image_let86.BMP
