,area,perimeter,orientation,eccentricity,convex_area,centroid_0,centroid_1,major_axis_length,minor_axis_length,label
0,191244,3885.180120508215,1.4176082490100415,0.8790871011212505,264710,226.4577503085064,358.96458973876304,845.5569291360774,403.0441530649944,image_para12.BMP
