,area,perimeter,orientation,eccentricity,convex_area,centroid_0,centroid_1,major_axis_length,minor_axis_length,label
0,8461,420.07315985291854,-0.660887732767752,0.9301247159313433,8910,250.36934168537996,258.48209431509275,173.17548407601194,63.59762382333088,image_let46.BMP
1,36780,987.7970773009196,-1.3252731338701595,0.9221474947667467,44161,277.51231647634586,437.4415715062534,378.57198167722515,146.44620423110968,image_let46.BMP
2,56215,1699.4377336282353,-1.3135741817799456,0.9473774969700531,89605,470.1829227074624,537.5475762696789,631.6400457874773,202.19968786507275,image_let46.BMP
