,area,perimeter,orientation,eccentricity,convex_area,centroid_0,centroid_1,major_axis_length,minor_axis_length,label
0,33363,716.0681092190353,1.4318452276650178,0.5139691176921738,34119,275.28411713574917,389.1763330635734,224.18517766328716,192.3079932315219,image_inter03.BMP
