,area,perimeter,orientation,eccentricity,convex_area,centroid_0,centroid_1,major_axis_length,minor_axis_length,label
0,164610,2506.5819612930195,-1.0646564408599506,0.8058507230980306,221476,250.47197011117186,514.966520867505,692.4721313917371,410.0257316688132,image_para15.BMP
1,1947,177.63961030678928,1.301197774194861,0.65058957926035,2061,223.15408320493066,33.67847971237802,57.936529532107706,43.998710946938175,image_para15.BMP
