,area,perimeter,orientation,eccentricity,convex_area,centroid_0,centroid_1,major_axis_length,minor_axis_length,label
0,157233,1721.0874452027915,-0.6598277862836845,0.6387841641278493,166034,315.06933022965916,193.46172241196186,524.1739546975138,403.292093678161,image_svar96.BMP
