,area,perimeter,orientation,eccentricity,convex_area,centroid_0,centroid_1,major_axis_length,minor_axis_length,label
0,49876,1223.4082963767125,0.8455855531206091,0.9203743541683517,58925,224.49572940893415,351.3423089261368,434.6987143236972,169.98389968861443,image_para22.BMP
