,area,perimeter,orientation,eccentricity,convex_area,centroid_0,centroid_1,major_axis_length,minor_axis_length,label
0,408241,2555.5290039756337,1.5607717935898333,0.6775697678581505,410776,282.5952121418476,384.7169074149828,857.9941274871046,631.0190766134187,image_super04.BMP
