,area,perimeter,orientation,eccentricity,convex_area,centroid_0,centroid_1,major_axis_length,minor_axis_length,label
0,409479,2575.386868351903,-1.5689700095961352,0.6788528006780367,412594,283.8011351009454,384.5883427477355,861.3033573382703,632.4329945003172,image_inter28.BMP
