,area,perimeter,orientation,eccentricity,convex_area,centroid_0,centroid_1,major_axis_length,minor_axis_length,label
0,406273,2590.482322781408,1.560484995581094,0.6812523399129332,410431,283.5204825326812,383.94667378831474,858.4557384375097,628.4313781260875,image_super42.BMP
