,area,perimeter,orientation,eccentricity,convex_area,centroid_0,centroid_1,major_axis_length,minor_axis_length,label
0,154965,1819.022474045336,-0.05921929305174052,0.8277650687138112,167446,290.73022295357015,616.1273706966089,606.9273378456436,340.53166705177966,image_let13.BMP
1,3443,246.92997820866108,1.1832806223393126,0.7829253119878669,3648,141.47690967179784,316.3511472553006,84.21501744505713,52.39148531769333,image_let13.BMP
2,2910,197.82337649086284,-0.8125185316225435,0.37272864954370355,2939,237.3786941580756,405.26872852233674,63.209753519587174,58.65488287010901,image_let13.BMP
