,area,perimeter,orientation,eccentricity,convex_area,centroid_0,centroid_1,major_axis_length,minor_axis_length,label
0,93758,1734.479364188578,0.2630452164417935,0.8412353453518472,119206,360.3105441668978,143.6322767123872,520.165946647993,281.2376629008145,image_let07.BMP
1,37955,892.0386719675123,-1.3721909677530035,0.9098252170611728,39916,198.90628375708076,512.9057568172836,350.5644329353542,145.48131449517356,image_let07.BMP
