,area,perimeter,orientation,eccentricity,convex_area,centroid_0,centroid_1,major_axis_length,minor_axis_length,label
0,10864,428.20310216782974,-0.5160624203826136,0.717333870547297,11442,153.957382179676,181.35649852724595,144.9345614149924,100.980197196204,image_let84.BMP
1,56643,1188.7981233214462,0.20831565152731732,0.8776214995124453,63479,321.75998799498615,376.83586674434616,407.7212014217458,195.44289352367682,image_let84.BMP
2,28455,725.1330803764907,0.09203565658058001,0.686532005102107,30455,336.6821999648568,675.8071340713407,225.93738488104165,164.27897869960543,image_let84.BMP
