,area,perimeter,orientation,eccentricity,convex_area,centroid_0,centroid_1,major_axis_length,minor_axis_length,label
0,86939,1201.7686860699232,-0.6460729999626994,0.6159760098098825,89218,286.18102347623045,442.3518904059168,377.32081105460776,297.2400952193148,image_inter13.BMP
1,2027,178.02438661763952,-0.7455921755587456,0.7917293107620299,2095,503.7849037987173,206.81351751356684,65.37138320417328,39.93355284949913,image_inter13.BMP
