,area,perimeter,orientation,eccentricity,convex_area,centroid_0,centroid_1,major_axis_length,minor_axis_length,label
0,171315,2183.506888867797,0.7504933630714289,0.3441819847621453,205245,281.50915564895075,223.751743863643,518.1379126493766,486.4812179621115,image_svar53.BMP
