,area,perimeter,orientation,eccentricity,convex_area,centroid_0,centroid_1,major_axis_length,minor_axis_length,label
0,410235,2567.688383542068,-1.5611292853630405,0.6805146984127569,412654,283.975038697332,383.85233098102304,862.9675697088926,632.3260504974435,image_inter29.BMP
