,area,perimeter,orientation,eccentricity,convex_area,centroid_0,centroid_1,major_axis_length,minor_axis_length,label
0,97489,1682.9158723275375,-0.28651407400987894,0.7910315362621858,128008,236.09911887495,634.8348634204884,504.1960293431744,308.4547145879751,image_cyl49.BMP
1,2954,231.53910524340094,1.2522496064397022,0.8567478782024616,3148,253.37440758293837,370.2068381855112,87.60630739750748,45.181679965993325,image_cyl49.BMP
