,area,perimeter,orientation,eccentricity,convex_area,centroid_0,centroid_1,major_axis_length,minor_axis_length,label
0,32058,896.2518754031087,-1.0735257954319581,0.8975275691815382,36931,168.41187847027263,616.8541705658494,317.1548204191329,139.85206491280854,image_cyl08.BMP
1,41110,937.8620484583752,-0.05184681316278603,0.7579524692376152,46010,330.6168085623936,336.40041352468984,299.61897526727614,195.44438905600225,image_cyl08.BMP
2,2521,193.9827560572969,1.5634471817414726,0.6158982906189256,2588,343.1368504561682,58.33082110273701,64.49223250127355,50.80863666083655,image_cyl08.BMP
3,2383,183.84062043356596,-1.471867187347113,0.5191006704970663,2408,536.7024758707512,450.16407889215276,59.91204281801585,51.20760821505327,image_cyl08.BMP
