,area,perimeter,orientation,eccentricity,convex_area,centroid_0,centroid_1,major_axis_length,minor_axis_length,label
0,45971,839.193000900063,1.2149141266195986,0.42641970626060344,46750,294.1087424680777,376.2466119945183,254.96406628947764,230.62147896026764,image_inter04.BMP
