,area,perimeter,orientation,eccentricity,convex_area,centroid_0,centroid_1,major_axis_length,minor_axis_length,label
0,49891,1224.5798692519663,0.8459163526918212,0.9205539175195177,58986,224.47625824296966,351.24529474253876,434.93665599401265,169.89300831238688,image_para21.BMP
