,area,perimeter,orientation,eccentricity,convex_area,centroid_0,centroid_1,major_axis_length,minor_axis_length,label
0,406654,2593.452885529886,-1.5675728316262525,0.6802438005910647,411299,282.5542082458306,380.45475760720416,858.3087167248983,629.1282118898015,image_inter33.BMP
