,area,perimeter,orientation,eccentricity,convex_area,centroid_0,centroid_1,major_axis_length,minor_axis_length,label
0,141467,2546.6551211459378,-1.5533476490207303,0.9048553695449527,193444,403.09218404292164,367.3117264096927,789.9714946315519,336.3059612362421,image_cyl37.BMP
