,area,perimeter,orientation,eccentricity,convex_area,centroid_0,centroid_1,major_axis_length,minor_axis_length,label
0,102851,1884.8296526140218,-0.01881406576942452,0.8844605816436972,135501,238.63869092181895,137.11092745816765,585.8777895553031,273.37931536173585,image_mod62.BMP
1,59339,1504.8763338082479,0.8661936676740708,0.9465957751914802,81387,402.7260654881275,464.57343399787663,540.6381352644466,174.31404159750056,image_mod62.BMP
