,area,perimeter,orientation,eccentricity,convex_area,centroid_0,centroid_1,major_axis_length,minor_axis_length,label
0,95667,1573.4326829943518,-0.01685797944242759,0.7689636676838294,119092,205.3444656987258,451.0261636719036,479.14366409927845,306.3129423467331,image_super12.BMP
1,3347,218.40916292848974,0.40223286585304036,0.6034828467092614,3420,292.3172990737974,90.60830594562294,73.25101796947345,58.408602250739236,image_super12.BMP
