,area,perimeter,orientation,eccentricity,convex_area,centroid_0,centroid_1,major_axis_length,minor_axis_length,label
0,41078,809.3767670841366,-0.6024912455152123,0.6998712504209339,41557,282.0942110131944,345.77537854812795,276.7869361586991,197.70033361998117,image_super16.BMP
