,area,perimeter,orientation,eccentricity,convex_area,centroid_0,centroid_1,major_axis_length,minor_axis_length,label
0,234783,2509.9940828143394,-1.4180461060152802,0.533989581819931,305261,361.0107546117053,409.1388047686587,704.6192677373697,595.7492890621426,image_svar106.BMP
