,area,perimeter,orientation,eccentricity,convex_area,centroid_0,centroid_1,major_axis_length,minor_axis_length,label
0,110046,1570.9585489084068,-1.170811360606428,0.6922080764745492,125536,174.39716118713991,274.3329244134271,455.49848661378195,328.73233911093007,image_svar43.BMP
1,1175,128.76955262170048,-0.017760402558627156,0.6217378124305396,1196,387.7863829787234,258.6468085106383,43.99469397878848,34.45776362590071,image_svar43.BMP
