,area,perimeter,orientation,eccentricity,convex_area,centroid_0,centroid_1,major_axis_length,minor_axis_length,label
0,5223,287.48023074035524,1.5568797784197694,0.6289130110389097,5389,53.07639287765652,307.3878996745166,93.82598411683631,72.94742029330443,image_para34.BMP
1,1885,179.88225099390854,-1.500121254603734,0.43014437742171613,1982,74.03819628647214,486.82599469496023,52.128737434702316,47.05974469351534,image_para34.BMP
2,5860,353.6051224213831,1.06025283636765,0.9121567492066319,6460,109.91552901023891,170.97901023890785,139.03485993050018,56.98225720077383,image_para34.BMP
3,2083,174.18376618407356,1.3833575411409338,0.6221405215167429,2117,166.3398943831013,74.21795487277964,58.685961079560165,45.94556730729489,image_para34.BMP
4,16257,586.1858582251266,0.47436206812119847,0.7993480709603922,18525,258.5908224149597,539.5457341452912,196.91145013630342,118.31783969265688,image_para34.BMP
5,17129,545.0437226013956,1.2553653817003272,0.7249453725174132,18102,325.8125985171347,324.6669974896375,185.5757779489531,127.82577682567728,image_para34.BMP
6,2158,187.4386001800126,-1.4118317368169992,0.5404201563568602,2273,280.0996292863763,730.9550509731232,57.70509912682301,48.552799319631475,image_para34.BMP
7,15855,697.5117600329312,0.38297843668621173,0.8499391081983397,19700,450.0527909176916,659.9788079470198,213.79444967093596,112.64421805703326,image_para34.BMP
8,2982,225.4386001800126,1.3092291238792249,0.6686355887921018,3219,499.5201207243461,492.39000670690814,72.57256373334832,53.964250297506574,image_para34.BMP
