,area,perimeter,orientation,eccentricity,convex_area,centroid_0,centroid_1,major_axis_length,minor_axis_length,label
0,684,117.31980515339464,1.505544051132853,0.814920881806725,775,118.58040935672514,452.016081871345,40.01347393480575,23.19069785615874,image_svar16.BMP
1,40255,888.6072144624362,1.0600325334149376,0.8569385490517547,43516,257.2487641286797,138.42536330890573,321.00023304015804,165.44948757531367,image_svar16.BMP
2,22116,595.683332908185,0.6231785011923977,0.627639553993654,22614,226.4028757460662,379.2846807741002,191.4428907276558,149.03907000439887,image_svar16.BMP
