,area,perimeter,orientation,eccentricity,convex_area,centroid_0,centroid_1,major_axis_length,minor_axis_length,label
0,2139,176.9116882454314,1.178514005163692,0.47476062088621945,2182,131.52267414679756,452.3286582515194,55.9478218788293,49.24051533408594,image_let08.BMP
1,191115,2769.944443027283,1.3516231172595004,0.9141690417499257,219329,395.93650943149413,389.1303769981425,811.6576795047331,328.99176457319857,image_let08.BMP
