,area,perimeter,orientation,eccentricity,convex_area,centroid_0,centroid_1,major_axis_length,minor_axis_length,label
0,17125,670.4924240491749,1.503136388131189,0.965419257193533,18889,41.115386861313866,327.73734306569344,299.2432085051699,78.0133747040441,image_para27.BMP
1,103310,1533.0357133746822,1.5305846997735104,0.7889142541500425,117332,295.38553867002224,552.375965540606,488.9363763527975,300.45301432729264,image_para27.BMP
2,3523,236.92388155425118,-1.4511333682043595,0.7276884049000435,3684,190.26539880783423,256.1473176270224,81.8865358915365,56.166618176198476,image_para27.BMP
