,area,perimeter,orientation,eccentricity,convex_area,centroid_0,centroid_1,major_axis_length,minor_axis_length,label
0,197428,2129.7707781109766,1.5452030859898969,0.8058585139132919,211243,206.00518163583686,274.0334653645886,678.5738735770425,401.78911763123244,image_mod09.BMP
