,area,perimeter,orientation,eccentricity,convex_area,centroid_0,centroid_1,major_axis_length,minor_axis_length,label
0,193522,1830.878425849301,-0.27346861417016016,0.3863196574088236,202788,277.22255867549944,409.55954878515104,521.18861875733,480.7261203016444,image_super28.BMP
