,area,perimeter,orientation,eccentricity,convex_area,centroid_0,centroid_1,major_axis_length,minor_axis_length,label
0,101015,2051.4520189781083,0.9040510767225534,0.6406998750403231,146239,329.44110280651387,222.73991981388903,492.58171524186474,378.2000163751294,image_mod59.BMP
1,40746,1195.5432893255072,0.14158407277214644,0.9369197675187957,54284,366.476169439945,682.8473715211309,433.8255061382724,151.6413145121553,image_mod59.BMP
