,area,perimeter,orientation,eccentricity,convex_area,centroid_0,centroid_1,major_axis_length,minor_axis_length,label
0,104083,2387.74848353439,-1.5215718630536466,0.9175709154591516,154761,258.37778503694165,497.84628613702523,701.7112928323747,278.98086794235576,image_para48.BMP
