,area,perimeter,orientation,eccentricity,convex_area,centroid_0,centroid_1,major_axis_length,minor_axis_length,label
0,43381,1108.3250352560274,-0.7525358778200228,0.957817869650624,51483,320.8418432032457,291.70500910536873,465.8885008352476,133.88514398786984,image_let02.BMP
1,15945,630.5828278447966,-1.3126341448001764,0.9156369492612128,19108,301.57052367513324,517.1066792097836,242.72400402591123,97.5765521854527,image_let02.BMP
2,5115,322.32590180780454,0.033157691097414545,0.9163713143570886,5353,319.81055718475073,737.0224828934506,129.2920543330902,51.75940822982411,image_let02.BMP
3,24036,602.2569260369921,-1.137700980745964,0.770450902581294,24224,489.25540855383593,460.92968880013314,219.96122390295957,140.22513475513318,image_let02.BMP
4,4874,264.45079348883235,-0.631103423047709,0.6157909788616384,4938,521.1723430447271,723.4080837094789,88.99108524936365,70.11692657501504,image_let02.BMP
