,area,perimeter,orientation,eccentricity,convex_area,centroid_0,centroid_1,major_axis_length,minor_axis_length,label
0,207735,2613.392098454536,-1.2265947525179177,0.8413361883197837,245767,381.7917924278528,489.70713168219123,764.537622563383,413.2418981211977,image_mod70.BMP
