,area,perimeter,orientation,eccentricity,convex_area,centroid_0,centroid_1,major_axis_length,minor_axis_length,label
0,407593,2589.955410846827,-1.5629870658635605,0.6767668195950408,411636,283.81605179676785,383.8688593768784,857.7189093709261,631.4504660365332,image_super37.BMP
