,area,perimeter,orientation,eccentricity,convex_area,centroid_0,centroid_1,major_axis_length,minor_axis_length,label
0,1659,160.4680374315355,1.03974603230633,0.20303109666453453,1731,34.66244725738397,165.08619650391802,46.90414776088932,45.927241780314915,image_let30.BMP
1,6228,337.1787155501902,-0.20626623092690274,0.8675199606094384,6437,101.38278741168915,728.4929351316634,127.18298291453674,63.261117158930396,image_let30.BMP
2,5497,312.63455967290594,0.4373455415787193,0.7532636977867652,5775,220.46625432053847,154.1073312716027,103.90309693524924,68.33900299139749,image_let30.BMP
3,39646,1082.95750288788,1.2057285410301282,0.9586535319253345,47741,293.82454724310145,383.29291731826663,445.6160902547371,126.81157086495263,image_let30.BMP
4,1268,142.25483399593904,-0.07807794991812084,0.6133665787699167,1338,291.9637223974763,657.1506309148265,45.76116538539638,36.14209310044821,image_let30.BMP
5,2826,197.8528137423857,-0.14001684815304358,0.38488544456659296,2886,364.18188251946214,731.982661004954,62.50634826268312,57.69113120315493,image_let30.BMP
6,1238,137.25483399593904,1.4464920870943696,0.5424321133673254,1280,376.7665589660743,173.52988691437804,43.81963091167249,36.812856082362565,image_let30.BMP
7,9080,491.6173157302028,-1.100026558561846,0.951434765633397,10782,444.85385462555064,388.4813876651982,200.5409943884099,61.73663118994352,image_let30.BMP
