,area,perimeter,orientation,eccentricity,convex_area,centroid_0,centroid_1,major_axis_length,minor_axis_length,label
0,86167,1554.3027406794408,1.2022943412415004,0.864636377462621,100695,274.8201167500319,393.7411073844975,487.86863016468635,245.1043135737081,image_mod16.BMP
