,area,perimeter,orientation,eccentricity,convex_area,centroid_0,centroid_1,major_axis_length,minor_axis_length,label
0,2242,182.18376618407356,0.49847231307024276,0.26195135439159384,2287,226.39206066012488,119.53791257805531,55.026506774081795,53.1050404994472,image_mod63.BMP
1,172802,1958.177848998413,-1.5690516963552998,0.7974411424909557,184234,394.36555711160753,496.49089130912836,615.5372514595592,371.4131700734101,image_mod63.BMP
