,area,perimeter,orientation,eccentricity,convex_area,centroid_0,centroid_1,major_axis_length,minor_axis_length,label
0,88664,1350.065150626205,1.0287115369850581,0.6548245921216715,96334,296.6868627627899,401.27753090318504,392.6270712001653,296.74003727429704,image_super43.BMP
