,area,perimeter,orientation,eccentricity,convex_area,centroid_0,centroid_1,major_axis_length,minor_axis_length,label
0,53168,907.1168824543142,0.17909237906256278,0.587517227436171,53937,322.7157876918447,462.14501203731567,290.7825721164692,235.30464730393422,image_super03.BMP
1,8897,395.5218613006979,-0.02940024889100868,0.8849752695286658,9067,475.40260762054623,727.8535461391481,157.568355801123,73.3698183355772,image_super03.BMP
