,area,perimeter,orientation,eccentricity,convex_area,centroid_0,centroid_1,major_axis_length,minor_axis_length,label
0,38300,779.4528855298854,0.8830112397107841,0.775182929315681,38749,251.8730548302872,408.76349869451695,279.667808634115,176.67645570278154,image_inter25.BMP
