,area,perimeter,orientation,eccentricity,convex_area,centroid_0,centroid_1,major_axis_length,minor_axis_length,label
0,3040,214.12489168102783,0.23582327841669778,0.6867595691657088,3102,158.96940789473683,116.17072368421053,73.3176225124061,53.293454366341216,image_let34.BMP
1,7196,392.33304448274095,-0.8655501679237906,0.8728221754041305,8123,377.2908560311284,180.03710394663702,142.13012023512113,69.36495213909338,image_let34.BMP
2,29665,877.6366517139588,-1.5141965118748795,0.5986912738525308,36348,416.5614697454913,482.94013146806003,241.50653346481678,193.44187275383769,image_let34.BMP
