,area,perimeter,orientation,eccentricity,convex_area,centroid_0,centroid_1,major_axis_length,minor_axis_length,label
0,107633,1657.383909759073,-0.3482265814611674,0.8944132742330531,128585,214.17434244144454,126.43041632213169,626.4077863748191,280.1555128579411,image_cyl33.BMP
1,56176,1190.337228564847,-1.1614151677450093,0.8473887651799901,67255,190.21763742523498,511.6380482768442,395.3043856937383,209.89593843105374,image_cyl33.BMP
