,area,perimeter,orientation,eccentricity,convex_area,centroid_0,centroid_1,major_axis_length,minor_axis_length,label
0,11935,443.4629867976521,-1.2316267537928942,0.8006739007928406,12446,52.90146627565982,73.13833263510683,162.6427534908076,97.43934075147702,image_let58.BMP
1,148004,2764.6551211459378,-1.328078889019475,0.9452625100012351,204692,260.6042742088052,316.60735520661603,872.2162958817872,284.613662755779,image_let58.BMP
