,area,perimeter,orientation,eccentricity,convex_area,centroid_0,centroid_1,major_axis_length,minor_axis_length,label
0,138892,2040.606347910659,1.2335427016417146,0.8611331089869434,162236,221.25359271952308,325.5431342337932,633.0241103951921,321.8165134703189,image_mod82.BMP
