,area,perimeter,orientation,eccentricity,convex_area,centroid_0,centroid_1,major_axis_length,minor_axis_length,label
0,117680,1991.5647173503162,-1.2742258153168897,0.9336906243586381,143211,339.79785010197145,400.32250169952414,684.9266873681289,245.2590566134479,image_svar19.BMP
