,area,perimeter,orientation,eccentricity,convex_area,centroid_0,centroid_1,major_axis_length,minor_axis_length,label
0,56652,1418.1057351660208,-1.3077420667691055,0.9766444407226222,67149,340.29580597331073,274.12896279036926,606.0080142613457,130.20803383041638,image_let61.BMP
