,area,perimeter,orientation,eccentricity,convex_area,centroid_0,centroid_1,major_axis_length,minor_axis_length,label
0,70629,1085.152416360247,-0.48840338390010307,0.4683169735445298,72893,268.9137040026052,364.4082034291863,324.82255288970435,287.0003873761706,image_super25.BMP
