,area,perimeter,orientation,eccentricity,convex_area,centroid_0,centroid_1,major_axis_length,minor_axis_length,label
0,69185,1222.6610383315985,1.5385305160188003,0.6308501519758544,77931,143.70113463901134,148.08520633085206,358.1849584372141,277.91738862833137,image_svar70.BMP
1,3898,246.99494936611666,-0.013224511772499508,0.6841182412614841,4018,75.54694715238584,731.0659312467932,82.63585006830178,60.27220258916318,image_svar70.BMP
2,698,104.21930009000631,1.4034041857554471,0.6090556954730787,745,126.13037249283667,541.310888252149,33.841705285672234,26.84078558474179,image_svar70.BMP
3,7867,343.36248173426384,-1.229780415507979,0.690246028183799,8082,298.38489894495996,402.25549764840474,118.12222305909641,85.47025816136825,image_svar70.BMP
4,1066,120.04163056034261,1.498635320340109,0.23149867643176897,1071,396.0975609756098,649.4099437148218,37.72245152341023,36.69772937898101,image_svar70.BMP
