,area,perimeter,orientation,eccentricity,convex_area,centroid_0,centroid_1,major_axis_length,minor_axis_length,label
0,1063,130.42640687119285,1.4910508876235529,0.7519911476839538,1119,205.6829727187206,153.85512699905928,46.01254626346866,30.33023757726418,image_mod50.BMP
1,73821,1886.1017305526643,1.31417264421875,0.9649727827939204,111047,375.7424174692838,484.817748337194,729.0049467897671,191.25445608063515,image_mod50.BMP
2,657,94.04163056034261,1.5487236399387472,0.6656385541668056,662,510.9695585996956,304.06088280060885,33.67373738195502,25.129844440385284,image_mod50.BMP
