,area,perimeter,orientation,eccentricity,convex_area,centroid_0,centroid_1,major_axis_length,minor_axis_length,label
0,56800,957.0752518939717,-1.3036057310398337,0.6768172061726904,57794,264.6402464788732,406.92112676056337,315.31832770831573,232.1219396602485,image_inter49.BMP
