,area,perimeter,orientation,eccentricity,convex_area,centroid_0,centroid_1,major_axis_length,minor_axis_length,label
0,174747,2062.2733034279177,0.37987067331923696,0.4631767338709081,203727,306.8287352572576,193.39790096539568,540.1591831393399,478.7246852184174,image_mod86.BMP
