,area,perimeter,orientation,eccentricity,convex_area,centroid_0,centroid_1,major_axis_length,minor_axis_length,label
0,406472,2614.5239533417507,-1.5587158588478291,0.685425074825807,411595,285.0993869196402,383.31763073471234,861.2322986992,627.1004106300244,image_cyl18.BMP
