,area,perimeter,orientation,eccentricity,convex_area,centroid_0,centroid_1,major_axis_length,minor_axis_length,label
0,96225,1425.4671708797582,1.4874663896999027,0.8767020645831584,102529,294.42386074305017,251.081714731099,511.33680031957675,245.97026990043528,image_svar79.BMP
