,area,perimeter,orientation,eccentricity,convex_area,centroid_0,centroid_1,major_axis_length,minor_axis_length,label
0,88056,1135.4844148224613,0.9861293703238876,0.32831923216680814,88659,269.2185541019351,421.84886890160806,345.90973445112144,326.73485867303697,image_inter46.BMP
