,area,perimeter,orientation,eccentricity,convex_area,centroid_0,centroid_1,major_axis_length,minor_axis_length,label
0,78631,1577.888527117068,0.29358499076363687,0.6628286851649949,99771,206.83821902303163,317.06819193447876,393.39515844518536,294.56291867451984,image_mod75.BMP
1,3546,240.89444430272832,-1.4424708951599525,0.4923156865728362,3708,398.1080090242527,118.49746192893402,72.74920003117147,63.32212000266151,image_mod75.BMP
