,area,perimeter,orientation,eccentricity,convex_area,centroid_0,centroid_1,major_axis_length,minor_axis_length,label
0,4475,251.52186130069788,-1.120266423969077,0.6989802626285118,4526,213.49184357541898,196.53206703910615,89.31294450712758,63.8713448618943,image_cyl46.BMP
1,26581,684.7838379715733,1.429372267399142,0.8703945818456825,27269,256.02900568074944,419.68146420375456,263.41472790738777,129.693511777856,image_cyl46.BMP
