,area,perimeter,orientation,eccentricity,convex_area,centroid_0,centroid_1,major_axis_length,minor_axis_length,label
0,112117,1549.0285706997456,1.5263917305342463,0.7988091306977108,122812,430.90200415637236,445.87805595939955,501.0428396388014,301.4196320124158,image_svar24.BMP
1,2094,171.0538238691624,1.3797876290655577,0.4972542814160389,2130,278.2702960840497,630.8715377268386,55.60751057383984,48.24534599430661,image_svar24.BMP
2,1688,175.88225099390854,-1.2914547540590258,0.8403758632174195,1829,354.7168246445498,57.47867298578199,63.57493438499569,34.45787298871424,image_svar24.BMP
