,area,perimeter,orientation,eccentricity,convex_area,centroid_0,centroid_1,major_axis_length,minor_axis_length,label
0,67693,1447.1646096690667,1.222572464002107,0.9541020246973968,87588,436.75133322500113,517.742986719454,586.7510097512511,175.72122693906144,image_cyl25.BMP
