,area,perimeter,orientation,eccentricity,convex_area,centroid_0,centroid_1,major_axis_length,minor_axis_length,label
0,411668,2562.1320343559646,-1.5687945439384465,0.6790137477982561,413267,283.35589358415035,383.25845098477413,863.3500418328676,633.8073285004067,image_let26.BMP
