,area,perimeter,orientation,eccentricity,convex_area,centroid_0,centroid_1,major_axis_length,minor_axis_length,label
0,149649,2619.68455839746,0.49425981030643223,0.7894236387815001,218741,326.8092336066395,365.6125065987745,674.8466036229908,414.253760927081,image_para46.BMP
1,30975,893.2346314604056,1.2622906845939412,0.9469895152212424,35837,83.80939467312349,613.029636803874,372.70169189558726,119.73581057331108,image_para46.BMP
2,1769,161.53910524340097,0.05282665633025314,0.49550147514866816,1851,126.40814019219899,399.97456189937816,51.18769165522873,44.46199222622663,image_para46.BMP
3,41364,902.3940110268397,-0.34138429099214207,0.8411464206452591,44960,307.51104825452086,101.3140170196306,319.66221061213054,172.87570529583252,image_para46.BMP
4,9661,393.3208511739212,0.0913459848897939,0.7907647482978283,9836,285.0307421591968,720.9310630369527,143.04011893140495,87.55774312390948,image_para46.BMP
