,area,perimeter,orientation,eccentricity,convex_area,centroid_0,centroid_1,major_axis_length,minor_axis_length,label
0,136412,1932.1555544218268,1.4293904298412254,0.7371762920601964,153845,177.49222942263145,505.31695158783685,521.0241958790858,352.05628989850504,image_svar61.BMP
