,area,perimeter,orientation,eccentricity,convex_area,centroid_0,centroid_1,major_axis_length,minor_axis_length,label
0,145741,2581.299782086611,-1.5373134082825457,0.900100624383826,200693,399.52121914903836,371.48773509170377,784.8278118723205,341.9354055479354,image_cyl35.BMP
