,area,perimeter,orientation,eccentricity,convex_area,centroid_0,centroid_1,major_axis_length,minor_axis_length,label
0,2213,180.5685424949238,-0.07554700624027345,0.5305948814576165,2274,33.6330772706733,428.6140985088116,57.85254567847036,49.037295807234756,image_para26.BMP
1,19884,545.9137802864846,0.7440090489218696,0.6509695452508625,20138,257.0031683765842,336.4779722389861,183.49284751507884,139.29012652130208,image_para26.BMP
2,1988,167.53910524340094,0.6907173664134576,0.635718702210227,2015,248.9456740442656,119.29476861167002,57.636439594734284,44.49076694145041,image_para26.BMP
3,3588,228.3086578651014,0.49821398815298007,0.5706177769091406,3673,374.1767001114827,289.6259754738016,74.67022817005625,61.32036945824049,image_para26.BMP
