,area,perimeter,orientation,eccentricity,convex_area,centroid_0,centroid_1,major_axis_length,minor_axis_length,label
0,50762,906.239682094289,-1.226909971038033,0.6046971208516798,52796,300.3397620267129,405.0753319412159,289.86118046629355,230.86153661472633,image_super24.BMP
