,area,perimeter,orientation,eccentricity,convex_area,centroid_0,centroid_1,major_axis_length,minor_axis_length,label
0,16708,526.6883835420683,-1.4081036661875428,0.6771359083807205,17377,123.68416327507781,194.20654776155135,172.1687161158825,126.69172305795699,image_svar12.BMP
1,32010,735.4112549695428,-1.54726164011009,0.7028399897011052,33099,261.89450171821306,419.39315838800377,241.55346065458622,171.8285663371687,image_svar12.BMP
2,7868,354.3208511739212,0.19597217549744703,0.7240868746148627,8088,242.96034570411794,718.2224199288256,121.68338712426672,83.92610019758496,image_svar12.BMP
