,area,perimeter,orientation,eccentricity,convex_area,centroid_0,centroid_1,major_axis_length,minor_axis_length,label
0,156980,2021.2510088513316,-1.459099885127352,0.8608104901846073,184862,302.8114345776532,476.0558669894254,653.8818270319038,332.77722277032046,image_let05.BMP
