,area,perimeter,orientation,eccentricity,convex_area,centroid_0,centroid_1,major_axis_length,minor_axis_length,label
0,141738,2560.8266940211915,-1.5524134702465098,0.9041912820084889,194899,402.7803129718213,367.4819526168,789.3564555576048,337.1560567156797,image_cyl36.BMP
