,area,perimeter,orientation,eccentricity,convex_area,centroid_0,centroid_1,major_axis_length,minor_axis_length,label
0,150531,2340.0155108391486,1.5014506443249611,0.9218570672183524,194884,394.17905281968496,387.8138589393547,748.8677908895471,290.2087801441696,image_mod83.BMP
