,area,perimeter,orientation,eccentricity,convex_area,centroid_0,centroid_1,major_axis_length,minor_axis_length,label
0,102058,2107.467170879758,-1.4562613003953147,0.9756205923574373,150003,311.5615630327853,398.4880362147014,893.5700019180257,196.10647229169513,image_mod46.BMP
