,area,perimeter,orientation,eccentricity,convex_area,centroid_0,centroid_1,major_axis_length,minor_axis_length,label
0,125967,1664.8641404994282,1.2632654312111644,0.47548277164863795,141316,204.3427246818611,182.0582374748942,452.30176437821456,397.9011846394644,image_svar21.BMP
1,1429,148.3259018078045,0.147255599865558,0.41247346573477756,1496,33.003498950314906,403.25052484254724,45.08502568159197,41.071088502556734,image_svar21.BMP
2,2662,218.4030662740799,-0.6318067015302485,0.5128529984464814,2865,459.45604808414726,645.7126220886552,63.89109777982183,54.849002316677314,image_svar21.BMP
