,area,perimeter,orientation,eccentricity,convex_area,centroid_0,centroid_1,major_axis_length,minor_axis_length,label
0,104118,2387.4053377838823,-1.5220448479805082,0.9176883450996992,154865,258.3389327493805,497.64083059605446,702.2844731100369,279.0183381818594,image_para50.BMP
