,area,perimeter,orientation,eccentricity,convex_area,centroid_0,centroid_1,major_axis_length,minor_axis_length,label
0,54998,993.7026688919411,-0.8339388738992819,0.6380475861897087,59520,269.28206480235644,475.7274628168297,307.48883434409254,236.76545956200493,image_inter23.BMP
