,area,perimeter,orientation,eccentricity,convex_area,centroid_0,centroid_1,major_axis_length,minor_axis_length,label
0,2500,201.0538238691624,-0.04140548313724331,0.7668181754599791,2617,55.5144,165.4884,71.22953085643383,45.71969885347383,image_para36.BMP
1,1110,129.25483399593904,1.094923520640352,0.4395089995099452,1161,134.7,462.82702702702704,40.09617109037732,36.0159119982917,image_para36.BMP
2,76376,1365.5676759431467,-0.09851520246387546,0.8637611831709323,91131,358.56279459516077,354.9265214203415,472.629889576428,238.15886187879482,image_para36.BMP
3,1193,133.35533905932738,-1.4988955756690738,0.5413267348496534,1229,308.67057837384743,225.55322715842414,42.87225456447192,36.04752004510429,image_para36.BMP
