,area,perimeter,orientation,eccentricity,convex_area,centroid_0,centroid_1,major_axis_length,minor_axis_length,label
0,120402,2420.2997820866103,-0.9272434172623842,0.8779408733199189,162470,314.6565837776781,269.1001063105264,671.1425088578978,321.3222751997892,image_let66.BMP
