,area,perimeter,orientation,eccentricity,convex_area,centroid_0,centroid_1,major_axis_length,minor_axis_length,label
0,56216,1398.5920625607862,0.6464543351759113,0.9671221979322123,69917,345.18889639960156,407.2600505194251,562.9499717690151,143.16500065041447,image_let23.BMP
1,16805,542.1564209736038,0.697175627971606,0.852685626833972,17293,314.8274918179113,689.2867003867897,204.59287677298906,106.88430464121434,image_let23.BMP
