,area,perimeter,orientation,eccentricity,convex_area,centroid_0,centroid_1,major_axis_length,minor_axis_length,label
0,196470,2933.9860735876255,-1.4868131600128158,0.8748733193405526,248554,167.94553875909807,348.56349569908895,809.0177758367997,391.8492234271786,image_let67.BMP
