,area,perimeter,orientation,eccentricity,convex_area,centroid_0,centroid_1,major_axis_length,minor_axis_length,label
0,52083,895.9919907732864,0.38205767477280084,0.5483073703374054,53275,297.3384597661425,383.5833189332412,283.0377039581095,236.69788927644652,image_inter17.BMP
