,area,perimeter,orientation,eccentricity,convex_area,centroid_0,centroid_1,major_axis_length,minor_axis_length,label
0,8312,410.9360748630709,1.475262089742449,0.924452712205109,8816,36.9594562078922,128.4303416746872,169.33406759648645,64.56652327398456,image_svar06.BMP
1,16350,492.1147904132611,-0.8242135009484711,0.6483634753661885,16596,186.22495412844037,79.65626911314985,166.40385033303616,126.6884001881655,image_svar06.BMP
2,35203,975.1341263970173,-1.4556047422066325,0.9379529117931646,43494,251.93253415902055,489.8284805272278,391.2316654581861,135.66452897874046,image_svar06.BMP
3,57896,1275.0924958366747,1.4061815086131433,0.9063237983690287,66355,460.52646124084566,385.43255147160426,442.3825691852964,186.94376183153395,image_svar06.BMP
4,3333,213.6812408671319,-1.3388112190444865,0.5854899969201386,3367,531.7569756975697,104.3015301530153,72.42873855368796,58.716503017167355,image_svar06.BMP
