,area,perimeter,orientation,eccentricity,convex_area,centroid_0,centroid_1,major_axis_length,minor_axis_length,label
0,34542,800.5584412271571,1.4922833286561035,0.8872549284966323,35668,72.22882288228823,441.3406287997221,312.13742932469626,143.98256848280542,image_super38.BMP
1,75180,1140.8153672641492,-1.3808155831596216,0.650160011206444,77156,313.26222399574357,420.1091114658154,362.32332072195277,275.2922862337454,image_super38.BMP
