,area,perimeter,orientation,eccentricity,convex_area,centroid_0,centroid_1,major_axis_length,minor_axis_length,label
0,191270,3891.1801205082147,1.4175734490913805,0.8790568279281268,264710,226.47534375490144,358.97070110315263,845.4960493333328,403.0623358792027,image_para11.BMP
