,area,perimeter,orientation,eccentricity,convex_area,centroid_0,centroid_1,major_axis_length,minor_axis_length,label
0,53799,1390.4326829943518,0.8349771821949259,0.8240334109542595,74251,267.00680310042935,314.9322478112976,421.2510623239762,238.65608470498876,image_svar88.BMP
