,area,perimeter,orientation,eccentricity,convex_area,centroid_0,centroid_1,major_axis_length,minor_axis_length,label
0,144786,1930.3210306426704,1.5043614556884526,0.7706456809651914,165441,348.36540135095936,346.926153081099,551.4396491551993,351.41256247018123,image_para32.BMP
1,1409,144.66904755831214,0.009897242255450415,0.6140495298491288,1452,304.14265436479775,35.84457061745919,48.035453102422295,37.91282162657023,image_para32.BMP
