,area,perimeter,orientation,eccentricity,convex_area,centroid_0,centroid_1,major_axis_length,minor_axis_length,label
0,407645,2563.730014102411,-1.5652571771715205,0.6738385376453127,411305,283.5898073078291,383.3693164395491,856.8869701785853,633.1354678728198,image_inter37.BMP
