,area,perimeter,orientation,eccentricity,convex_area,centroid_0,centroid_1,major_axis_length,minor_axis_length,label
0,5029,321.68124086713186,-1.4163240779258357,0.9051211958802627,5266,32.88466892026248,169.92602903161662,124.54531042289695,52.95089253451706,image_para02.BMP
1,3241,215.82337649086284,1.4993531304932495,0.5651424565691773,3304,35.57142857142857,303.03147176797285,70.990980765106,58.56708601885748,image_para02.BMP
2,2844,224.30256121069155,-1.2833848904457268,0.5823274260753578,3058,120.05133614627286,58.329465541490855,67.51229939171536,54.884417205598496,image_para02.BMP
3,145840,2388.9150057757606,1.4644714421252114,0.9126673883821016,194824,280.8803963247394,407.3325425123423,743.0486804215142,303.6863120785156,image_para02.BMP
4,4210,242.10764773832474,1.0104838966219944,0.3043217041064115,4275,286.3980997624703,53.0562945368171,75.06528239973036,71.5048846566834,image_para02.BMP
