,area,perimeter,orientation,eccentricity,convex_area,centroid_0,centroid_1,major_axis_length,minor_axis_length,label
0,409602,2575.4284989122457,1.5528860648922131,0.6823159963788167,412583,284.24342654576884,383.14082450769286,862.5337011251095,630.5616207646829,image_inter07.BMP
