,area,perimeter,orientation,eccentricity,convex_area,centroid_0,centroid_1,major_axis_length,minor_axis_length,label
0,219333,2357.7585848021567,-1.2052320214875447,0.7350233236026792,254815,350.8568295696498,503.9512339684407,708.5819644464235,480.44820693014395,image_mod84.BMP
1,4431,282.4507934888324,-0.5678940194335952,0.729209333059242,4685,119.3660573234033,394.39404197698036,91.45838108436037,62.58411870909999,image_mod84.BMP
