,area,perimeter,orientation,eccentricity,convex_area,centroid_0,centroid_1,major_axis_length,minor_axis_length,label
0,34977,742.1808075912434,0.7885340116695843,0.7191573352267272,35437,275.4547559825028,385.2117391428653,257.6346163097319,179.01670953393605,image_inter14.BMP
