,area,perimeter,orientation,eccentricity,convex_area,centroid_0,centroid_1,major_axis_length,minor_axis_length,label
0,19006,587.4640328181786,-1.549366375248439,0.8023379698799648,19739,93.52962222456067,472.8072713879827,204.7719016608431,122.22220240363875,image_let49.BMP
1,4100,247.03657992645927,-1.509141867916953,0.6636020867141175,4188,213.37024390243903,490.02756097560973,83.69502886020148,62.611057382010216,image_let49.BMP
2,44597,1068.6316010800756,1.2278407704853718,0.9266859249672409,51233,324.9650200686145,467.09451308383973,413.9347128064828,155.57184072746153,image_let49.BMP
3,34716,801.7544007200504,1.3045703814347367,0.7249539318986516,37194,305.48836271459845,129.83241156815302,259.2731306339528,178.58664667281428,image_let49.BMP
