,area,perimeter,orientation,eccentricity,convex_area,centroid_0,centroid_1,major_axis_length,minor_axis_length,label
0,53822,1391.5037508062173,0.8343984013368377,0.8249998952866631,74181,267.13137750362307,315.1716770094014,421.86392502330034,238.40917518521968,image_svar94.BMP
