,area,perimeter,orientation,eccentricity,convex_area,centroid_0,centroid_1,major_axis_length,minor_axis_length,label
0,120148,1996.067242667258,1.3976266909612607,0.8523391352511162,136739,217.1975896394447,304.19892965342746,571.6135331600053,298.94786574092234,image_let59.BMP
