,area,perimeter,orientation,eccentricity,convex_area,centroid_0,centroid_1,major_axis_length,minor_axis_length,label
0,24905,694.4579361637687,-1.4634855332121037,0.8994743653501326,26195,269.08937964264203,265.1495282071873,273.5136186658916,119.5182115007425,image_svar35.BMP
