,area,perimeter,orientation,eccentricity,convex_area,centroid_0,centroid_1,major_axis_length,minor_axis_length,label
0,85844,1694.3321779309636,-0.9617066639831952,0.9530041471804238,118136,235.36696798844415,527.282314430828,666.446907859143,201.9049226182826,image_svar83.BMP
1,19466,537.8893936688451,1.0320882190263243,0.31184893739393466,19740,406.992191513408,683.8476831398335,162.17917855771358,154.0915780218081,image_svar83.BMP
