,area,perimeter,orientation,eccentricity,convex_area,centroid_0,centroid_1,major_axis_length,minor_axis_length,label
0,24155,728.98484809835,0.4284564420850962,0.8869294410019354,27789,188.14928586214035,72.43862554336576,274.4471432519476,126.768489183411,image_let45.BMP
1,18618,704.0214280248092,0.9744347614652522,0.9590406450541328,19803,265.02084004726606,355.87555054248577,292.37092809401815,82.81947323429154,image_let45.BMP
