,area,perimeter,orientation,eccentricity,convex_area,centroid_0,centroid_1,major_axis_length,minor_axis_length,label
0,108037,1532.444876303172,0.14612248064218494,0.4587470838902662,124574,275.3307848237178,346.15509501374527,411.2362934613797,365.4109531832276,image_inter36.BMP
