,area,perimeter,orientation,eccentricity,convex_area,centroid_0,centroid_1,major_axis_length,minor_axis_length,label
0,4038,244.69343417595167,-0.9537615409273068,0.7151373693784956,4109,48.43833580980684,719.3412580485389,86.04521679135574,60.14422431494148,image_mod88.BMP
1,25888,1080.3473298326137,0.849222645633356,0.9311230015893499,38939,221.09633807169345,656.6589539555006,388.0271717080445,141.51556609952772,image_mod88.BMP
2,935,122.76955262170047,-1.2530429293425458,0.6912755008048302,987,94.77967914438503,75.324064171123,41.02529506618222,29.64452115711431,image_mod88.BMP
3,67788,1457.8225099390856,1.2775474702047231,0.9289923536074803,80664,262.7946686729215,349.59430872720833,508.8300835771626,188.31746188883977,image_mod88.BMP
4,2788,202.8528137423857,1.27052073246256,0.6143722679862559,2865,165.98995695839312,48.99426111908178,67.29697952428577,53.09841355785665,image_mod88.BMP
5,2820,213.53910524340094,1.155096294399308,0.6736158633355549,2930,439.1709219858156,562.6677304964539,69.97678250697513,51.718555086171634,image_mod88.BMP
6,628,95.45584412271572,1.5393916931448828,0.7137310355231776,646,475.5812101910828,714.2531847133758,34.027927590383406,23.8338369748521,image_mod88.BMP
