,area,perimeter,orientation,eccentricity,convex_area,centroid_0,centroid_1,major_axis_length,minor_axis_length,label
0,66337,1387.3372285648468,0.892448359827835,0.7589330113819439,80327,211.14742903658592,251.30150594690747,389.73885914553205,253.78574875560372,image_let42.BMP
1,27817,794.4995667241114,-0.3410772067592369,0.8794671516786011,30983,384.06416939281735,73.41118740338642,290.5598152335201,138.2947298591394,image_let42.BMP
