,area,perimeter,orientation,eccentricity,convex_area,centroid_0,centroid_1,major_axis_length,minor_axis_length,label
0,153595,1728.7564927611033,1.139582900773827,0.6307248516433576,169838,369.178059181614,203.54004362121162,529.7600301220289,411.09725189540836,image_svar77.BMP
