,area,perimeter,orientation,eccentricity,convex_area,centroid_0,centroid_1,major_axis_length,minor_axis_length,label
0,144652,1936.3210306426706,1.505071793348661,0.7696117702300374,165422,348.2794499903216,346.6583386334098,550.6930178404884,351.62416445197016,image_para33.BMP
1,1409,144.66904755831214,0.009897242255450415,0.6140495298491288,1452,304.14265436479775,35.84457061745919,48.035453102422295,37.91282162657023,image_para33.BMP
