,area,perimeter,orientation,eccentricity,convex_area,centroid_0,centroid_1,major_axis_length,minor_axis_length,label
0,5370,288.1076477383248,1.5546028940088992,0.6091406734555762,5532,101.06536312849163,52.460707635009314,93.0144494006204,73.76624310365786,image_inter31.BMP
1,146684,1822.8885271170677,0.2917108126020072,0.5462201038610134,170333,328.0745002863298,471.6621921954678,502.70903750020096,421.090046943345,image_inter31.BMP
