,area,perimeter,orientation,eccentricity,convex_area,centroid_0,centroid_1,major_axis_length,minor_axis_length,label
0,157152,1851.3483758531402,-1.3264412569535675,0.7797582657123444,166302,204.2200162899613,525.66422317247,581.5553351722774,364.100573256546,image_mod90.BMP
