,area,perimeter,orientation,eccentricity,convex_area,centroid_0,centroid_1,major_axis_length,minor_axis_length,label
0,203873,2207.143361113007,1.3775935120895495,0.8309355536421085,236007,176.76586894782537,370.95806703192676,708.5531326917546,394.21676962277644,image_svar52.BMP
1,2607,193.82337649086284,0.9577118825114438,0.4534014177383988,2670,39.95013425393172,685.8454161871883,61.12815687310642,54.48391935163692,image_svar52.BMP
