,area,perimeter,orientation,eccentricity,convex_area,centroid_0,centroid_1,major_axis_length,minor_axis_length,label
0,94462,1216.8397538817887,1.492150876458471,0.6507287981365438,95969,299.03426774787744,456.5239355508035,398.95496523912834,302.9305879635381,image_super23.BMP
