,area,perimeter,orientation,eccentricity,convex_area,centroid_0,centroid_1,major_axis_length,minor_axis_length,label
0,15844,483.2031021678297,1.0038722258834394,0.6559589173658714,16075,299.05339560716993,82.12357990406463,164.09089767473935,123.85525071631805,image_svar104.BMP
1,14342,465.1025971044414,-0.5843717287524216,0.5121195858801245,14621,317.72186584855666,382.5169432436201,146.0017749462138,125.40299150477637,image_svar104.BMP
