,area,perimeter,orientation,eccentricity,convex_area,centroid_0,centroid_1,major_axis_length,minor_axis_length,label
0,96505,1222.35447250755,0.6792373823592954,0.3925455110595928,97540,280.651686441117,450.12192114398215,367.40348512187995,337.9129558780323,image_inter26.BMP
