,area,perimeter,orientation,eccentricity,convex_area,centroid_0,centroid_1,major_axis_length,minor_axis_length,label
0,3369,217.0538238691624,1.5661635954715467,0.6171382778683088,3409,32.327990501632534,370.1142772336005,74.1327365467694,58.33169345123415,image_svar39.BMP
1,7568,318.97770542341357,0.29129839366317206,0.2933772265390813,7617,132.28488372093022,217.7279334038055,100.42466766266395,96.00565679496344,image_svar39.BMP
2,14846,513.9310242291876,1.4284190890623225,0.8746893721374397,15615,297.37006601104673,350.3609052943554,199.84786052498353,96.86304443528478,image_svar39.BMP
