,area,perimeter,orientation,eccentricity,convex_area,centroid_0,centroid_1,major_axis_length,minor_axis_length,label
0,407075,2570.700576850888,1.5611496935843119,0.6747651249435446,410858,282.91402567094514,383.85559172142723,856.2337783214549,631.9283879634918,image_let53.BMP
