,area,perimeter,orientation,eccentricity,convex_area,centroid_0,centroid_1,major_axis_length,minor_axis_length,label
0,338707,2492.898628384834,1.2697152031094325,0.7408415094639894,361406,322.4849501191295,347.071554470383,829.8498307388887,557.3934326644105,image_svar36.BMP
