,area,perimeter,orientation,eccentricity,convex_area,centroid_0,centroid_1,major_axis_length,minor_axis_length,label
0,59054,1264.3128419472075,-1.358081547379087,0.788792990918026,71442,263.2680089409693,289.8750635012023,392.5415936691465,241.27920145333567,image_mod44.BMP
