,area,perimeter,orientation,eccentricity,convex_area,centroid_0,centroid_1,major_axis_length,minor_axis_length,label
0,125908,2030.3759005323593,-0.7938969446874773,0.7929023440118139,176579,280.81990024462306,337.18494456269656,612.4889393572778,373.21935638550815,image_inter01.BMP
