,area,perimeter,orientation,eccentricity,convex_area,centroid_0,centroid_1,major_axis_length,minor_axis_length,label
0,9320,384.36248173426384,-0.9051733796644186,0.5438425754491384,9666,63.90472103004292,709.6208154506438,120.44498029866308,101.07589269493205,image_cyl11.BMP
1,145883,2513.8855685242374,1.3502845311251375,0.945248129011397,194247,238.44114118848665,380.56495273609676,843.3560386549478,275.2313778917551,image_cyl11.BMP
