,area,perimeter,orientation,eccentricity,convex_area,centroid_0,centroid_1,major_axis_length,minor_axis_length,label
0,134633,1877.670273047588,-1.4712876189583364,0.7853272317560458,169653,372.1044691866036,482.69413888125496,577.8107374391144,357.71158124497265,image_cyl05.BMP
