,area,perimeter,orientation,eccentricity,convex_area,centroid_0,centroid_1,major_axis_length,minor_axis_length,label
0,48617,840.5239533417509,-1.3714062867109327,0.34946491930168677,49081,306.6122344036037,396.61087685377544,258.7843507028593,242.46785482794283,image_inter11.BMP
1,1850,167.8111831820431,0.162573299137004,0.25226798544193313,1907,352.3621621621622,636.9308108108108,49.539496322292194,47.93726071399777,image_inter11.BMP
