,area,perimeter,orientation,eccentricity,convex_area,centroid_0,centroid_1,major_axis_length,minor_axis_length,label
0,96241,1425.810316630266,1.4872053146335078,0.8772449493332191,102648,294.4995168379381,251.2126016978211,511.8837657151486,245.72622761984746,image_svar71.BMP
