,area,perimeter,orientation,eccentricity,convex_area,centroid_0,centroid_1,major_axis_length,minor_axis_length,label
0,196031,2749.171931812752,1.1491059705959603,0.6588945508407335,225814,256.15880141406205,464.13821793491843,602.022751456072,452.8627747746917,image_mod54.BMP
