,area,perimeter,orientation,eccentricity,convex_area,centroid_0,centroid_1,major_axis_length,minor_axis_length,label
0,88217,1260.8225099390856,-0.9948705135091289,0.4713361375497614,92143,279.70758470589567,401.56476642823947,361.3570033961989,318.70012905941775,image_inter32.BMP
