,area,perimeter,orientation,eccentricity,convex_area,centroid_0,centroid_1,major_axis_length,minor_axis_length,label
0,217086,2352.5849198858496,1.5031540759994138,0.9124163535397327,251261,154.54811457210508,402.33689874059127,857.7028075017593,351.02622804601975,image_svar65.BMP
