,area,perimeter,orientation,eccentricity,convex_area,centroid_0,centroid_1,major_axis_length,minor_axis_length,label
0,195486,2477.1727983645296,1.5490877697666388,0.9251569973803,260184,149.09974627339042,387.61965562751294,937.2084352462699,355.749965106662,image_para18.BMP
1,18807,522.4163056034262,0.5946470046915869,0.33972591052733625,19048,341.7814111766895,444.7381825915882,159.78841849821256,150.28491991776627,image_para18.BMP
