,area,perimeter,orientation,eccentricity,convex_area,centroid_0,centroid_1,major_axis_length,minor_axis_length,label
0,73372,1424.3616151824865,0.8871123886217553,0.929073915524254,86598,370.6255519816824,519.360191898817,544.9176720948197,201.56184241030502,image_super08.BMP
