,area,perimeter,orientation,eccentricity,convex_area,centroid_0,centroid_1,major_axis_length,minor_axis_length,label
0,133110,1837.5758646386093,0.23302558082902128,0.8605314427358502,153100,284.0557358575614,513.2000375629179,595.81930449304,303.5087606791765,image_svar32.BMP
