,area,perimeter,orientation,eccentricity,convex_area,centroid_0,centroid_1,major_axis_length,minor_axis_length,label
0,51192,968.5899705197331,0.28986869541315163,0.6806618172222523,53757,317.7106774496015,406.8100484450695,304.89703080282544,223.3668844226615,image_super21.BMP
