,area,perimeter,orientation,eccentricity,convex_area,centroid_0,centroid_1,major_axis_length,minor_axis_length,label
0,81678,1839.812408671319,-1.244925458646066,0.8675188230034667,112805,224.0134307891966,451.7137295232498,509.4441544323001,253.39974071705052,image_para44.BMP
1,7471,426.3330444827409,-1.1426729294761273,0.9369557221799664,8215,360.88783295408916,575.0714763753178,169.11105075537515,59.09553539497394,image_para44.BMP
2,1215,174.81727983645297,-1.058465755744512,0.6390322671123893,1466,383.6148148148148,186.879012345679,47.498546313474485,36.534928431993585,image_para44.BMP
