,area,perimeter,orientation,eccentricity,convex_area,centroid_0,centroid_1,major_axis_length,minor_axis_length,label
0,69719,1099.4549775709384,-0.25722132582113905,0.3820767044715399,72207,256.5072361909953,371.8332305397381,311.374737093514,287.7509270026458,image_super36.BMP
1,3636,242.0660171779821,-0.27455302056296466,0.7165580025268594,3759,344.26760176017603,80.78630363036304,81.8646274870521,57.10282987421322,image_super36.BMP
