,area,perimeter,orientation,eccentricity,convex_area,centroid_0,centroid_1,major_axis_length,minor_axis_length,label
0,168914,2750.803353424079,1.2638448215440279,0.9082327270694737,235771,238.66194039570433,444.1481404738506,824.432501867776,344.9964988141394,image_svar05.BMP
1,40282,1083.862048458375,-1.1185747195577047,0.8040076572783375,49247,351.805024576734,132.83461595749964,323.714273621959,192.48663912346817,image_svar05.BMP
