,area,perimeter,orientation,eccentricity,convex_area,centroid_0,centroid_1,major_axis_length,minor_axis_length,label
0,192677,2257.704760932994,-1.3901913988725423,0.8761849362474313,212157,408.35480104008263,460.50947440535197,750.0050231725276,361.4837152900093,image_mod85.BMP
