,area,perimeter,orientation,eccentricity,convex_area,centroid_0,centroid_1,major_axis_length,minor_axis_length,label
0,4475,251.52186130069788,-1.120266423969077,0.6989802626285118,4526,213.49184357541898,196.53206703910615,89.31294450712758,63.8713448618943,image_cyl47.BMP
1,26591,681.8132752230961,1.4310790474804402,0.8700346452885269,27344,256.01677259223044,419.3841149261028,263.30055347017634,129.80469364548586,image_cyl47.BMP
