,area,perimeter,orientation,eccentricity,convex_area,centroid_0,centroid_1,major_axis_length,minor_axis_length,label
0,17069,548.4163056034262,0.16696537097526568,0.859327759922409,17522,117.79395395160817,53.86285078211963,210.49991954330264,107.65497700040605,image_let78.BMP
1,98636,1699.1494577674168,-0.20056251092472208,0.7466597791699943,125581,240.091295267448,254.76731619287077,469.98844608349367,312.6391878677096,image_let78.BMP
2,2482,191.09545442950497,0.6808745143561622,0.5852771417505407,2541,102.74738114423852,460.33118452860595,62.51756150148788,50.69132173937456,image_let78.BMP
3,2153,180.71067811865476,-1.1978942726532407,0.5711096330301539,2230,97.62424523920112,675.0557361820715,58.0397499698746,47.64330980951747,image_let78.BMP
