,area,perimeter,orientation,eccentricity,convex_area,centroid_0,centroid_1,major_axis_length,minor_axis_length,label
0,167851,1809.1778489984129,1.3822042349477621,0.5035747151036177,179399,249.71164306438448,210.91272616785125,519.0419225023243,448.4271412167217,image_svar78.BMP
