,area,perimeter,orientation,eccentricity,convex_area,centroid_0,centroid_1,major_axis_length,minor_axis_length,label
0,80224,1268.36056916196,-0.9001834290800433,0.7283133706659639,85626,303.1922741324292,507.9403295771839,391.022844254482,267.9461419348955,image_inter42.BMP
