,area,perimeter,orientation,eccentricity,convex_area,centroid_0,centroid_1,major_axis_length,minor_axis_length,label
0,78007,1768.4103884177655,1.1823448368427425,0.9755085118528102,100909,249.52620918635506,384.90999525683594,754.7216090464008,166.0098375774778,image_svar01.BMP
1,9778,431.5046173579948,-0.07557270980015253,0.6603676626122236,10332,381.63980364082636,711.1713029249336,129.7973199790159,97.47031634187229,image_svar01.BMP
2,17400,542.8183258569794,0.3363273315829897,0.8336319933542494,17555,479.37528735632185,58.78091954022989,205.67312334674932,113.59743855685488,image_svar01.BMP
