,area,perimeter,orientation,eccentricity,convex_area,centroid_0,centroid_1,major_axis_length,minor_axis_length,label
0,5482,274.936074863071,-1.2258041880695552,0.2662181119625668,5543,119.90295512586647,198.06822327617658,85.11734946504988,82.04570401393207,image_mod22.BMP
1,2636,197.33809511662426,-1.4714790351851406,0.4643746678247789,2709,107.89871016691957,89.26631259484067,61.749746792306986,54.68797457145206,image_mod22.BMP
2,9613,479.8305191657992,1.5548630382598476,0.8940079858431866,11682,237.03474461666494,209.22126287319256,178.65344658482252,80.04585991096904,image_mod22.BMP
3,2309,177.4386001800126,1.4077582244622493,0.44904980449273624,2341,220.5331312256388,69.89389346037245,57.44197797783191,51.32479379615623,image_mod22.BMP
4,1950,166.22539674441617,1.540036748321511,0.3227355277389986,1997,271.25179487179486,392.89794871794874,51.30392458794702,48.55860981968556,image_mod22.BMP
5,2420,189.1959594928933,0.9542712075021269,0.6498299433132753,2469,320.1409090909091,273.33842975206613,63.852670073987696,48.533113879318115,image_mod22.BMP
