,area,perimeter,orientation,eccentricity,convex_area,centroid_0,centroid_1,major_axis_length,minor_axis_length,label
0,10864,428.20310216782974,-0.5160624203826136,0.717333870547297,11442,153.957382179676,181.35649852724595,144.9345614149924,100.980197196204,image_let85.BMP
1,55497,1175.0346673541555,0.22550351490925893,0.8806201524201728,62541,324.4117880245779,376.1082761230337,405.6377162725139,192.20044189319705,image_let85.BMP
2,28455,725.1330803764907,0.09203565658058001,0.686532005102107,30455,336.6821999648568,675.8071340713407,225.93738488104165,164.27897869960543,image_let85.BMP
