,area,perimeter,orientation,eccentricity,convex_area,centroid_0,centroid_1,major_axis_length,minor_axis_length,label
0,116883,2092.878425849301,1.1781882121734804,0.9328946199332274,143619,346.24072790739456,461.8194604861271,683.9105705840013,246.31001752021953,image_svar11.BMP
1,8528,391.88939366884495,1.0881160933629361,0.8897270720918375,8765,508.62769699812384,89.83337242026266,155.23842572982196,70.86523395600938,image_svar11.BMP
