,area,perimeter,orientation,eccentricity,convex_area,centroid_0,centroid_1,major_axis_length,minor_axis_length,label
0,134561,1874.0134187980955,-1.4709200708637276,0.7855446328447969,169653,372.1648991907016,482.7375168139357,577.9272469949104,357.62427090963615,image_cyl06.BMP
