,area,perimeter,orientation,eccentricity,convex_area,centroid_0,centroid_1,major_axis_length,minor_axis_length,label
0,33513,733.5239533417508,1.0492032382197536,0.798457238234243,34181,281.52442335809985,436.8445976188345,268.1155533319101,161.41937775001367,image_super15.BMP
