,area,perimeter,orientation,eccentricity,convex_area,centroid_0,centroid_1,major_axis_length,minor_axis_length,label
0,91417,1254.5971131946694,1.2121223508068641,0.5351730349881839,95642,186.81384206438628,268.3212531586029,375.2156900299144,316.9606247809891,image_svar20.BMP
