,area,perimeter,orientation,eccentricity,convex_area,centroid_0,centroid_1,major_axis_length,minor_axis_length,label
0,407002,2593.1686142824233,1.5676017517925755,0.6798942433035263,411185,283.06381541122647,383.79905504149855,859.4004516018665,630.2070985853243,image_inter47.BMP
