,area,perimeter,orientation,eccentricity,convex_area,centroid_0,centroid_1,major_axis_length,minor_axis_length,label
0,91449,1986.256059485215,1.2866751857192318,0.7269484614041605,113364,355.83995451016415,299.42730921059825,458.87078845046,315.1029100200899,image_mod39.BMP
