,area,perimeter,orientation,eccentricity,convex_area,centroid_0,centroid_1,major_axis_length,minor_axis_length,label
0,170106,1866.782971419796,0.7236590340695711,0.6832532078070506,178917,302.3948831904812,546.4712649759562,552.7493709236564,403.6073765485827,image_svar97.BMP
