,area,perimeter,orientation,eccentricity,convex_area,centroid_0,centroid_1,major_axis_length,minor_axis_length,label
0,42341,861.6782822743018,-0.9799954042963208,0.7971646801548063,43460,257.2809333742708,407.16990623745306,300.3823513376612,181.3594293249501,image_let44.BMP
1,2260,191.78174593052023,0.5353222351379461,0.7106935908742854,2362,277.69823008849556,589.4522123893805,64.31358029174511,45.24471206213827,image_let44.BMP
