,area,perimeter,orientation,eccentricity,convex_area,centroid_0,centroid_1,major_axis_length,minor_axis_length,label
0,3768,228.65180361560905,1.1686463753714498,0.6033084930842655,3814,191.13083864118897,252.58067940552016,77.58731533442138,61.876497483743584,image_cyl13.BMP
1,9168,534.1431816442575,1.5626362145947768,0.9722005273623188,10358,310.8510034904014,352.8594022687609,227.79819111178833,53.338903689306946,image_cyl13.BMP
2,35594,1213.8376618407358,1.4727642652936943,0.987390559084206,43038,405.0288250828791,241.25681294600213,556.43571925552,88.08552103469775,image_cyl13.BMP
