,area,perimeter,orientation,eccentricity,convex_area,centroid_0,centroid_1,major_axis_length,minor_axis_length,label
0,63371,994.0458146424487,-0.029966019356131687,0.620522456569929,65093,270.9765665683041,408.5896703539474,323.208439477935,253.45639849944394,image_super05.BMP
