,area,perimeter,orientation,eccentricity,convex_area,centroid_0,centroid_1,major_axis_length,minor_axis_length,label
0,3433,218.16652224137047,1.1759680753780954,0.5897344633693974,3477,164.50189338770755,709.0597145353918,73.62100737544442,59.45612056924544,image_cyl16.BMP
1,100107,1911.593108581313,-1.5310947583302938,0.9512079642208574,128947,374.25285944039877,306.75023724614664,739.7649055296866,228.25482878946642,image_cyl16.BMP
