,area,perimeter,orientation,eccentricity,convex_area,centroid_0,centroid_1,major_axis_length,minor_axis_length,label
0,191210,3333.7139956489837,1.3966722857938696,0.8948034700334542,265932,400.3518592123843,344.4736153966843,916.3415753275294,409.1100838658802,image_let70.BMP
1,4230,266.97160876900364,-1.553026704906417,0.3990162598942658,4481,231.97659574468085,388.8118203309693,77.76807570904305,71.30895875991914,image_let70.BMP
2,3483,242.99494936611666,1.4550672382965881,0.7884275432124421,3596,326.82371518805627,703.2463393626184,85.51360506997332,52.60178176958159,image_let70.BMP
