,area,perimeter,orientation,eccentricity,convex_area,centroid_0,centroid_1,major_axis_length,minor_axis_length,label
0,81589,1422.3494218736669,0.8614622965022607,0.8420368332134154,99426,335.668472465651,484.2022331441739,486.11165258867567,262.21836346037105,image_inter20.BMP
1,10512,446.14927829866735,0.03608200861766573,0.9130580554465296,10915,301.8093607305936,727.2505707762557,183.22075351878857,74.72284768581433,image_inter20.BMP
