,area,perimeter,orientation,eccentricity,convex_area,centroid_0,centroid_1,major_axis_length,minor_axis_length,label
0,139592,1805.0773439350246,-0.979233563602992,0.7387395604693653,155183,199.82053412803026,527.858645194567,527.1491142919882,355.29375623352337,image_let15.BMP
1,2129,181.1959594928933,1.3988577632639556,0.1355338898401043,2221,186.088304368248,198.53217472992014,52.48350807830377,51.999227577360415,image_let15.BMP
2,29104,816.2741699796952,1.4120513756248323,0.9388119381446558,29960,509.21416300164924,141.48433205057725,342.18471873790827,117.85874223262572,image_let15.BMP
