,area,perimeter,orientation,eccentricity,convex_area,centroid_0,centroid_1,major_axis_length,minor_axis_length,label
0,411032,2553.889393668845,1.5657125528970426,0.6769761876141589,412593,283.6908878140875,382.6986439012048,861.309337853215,633.9279097982288,image_inter45.BMP
