,area,perimeter,orientation,eccentricity,convex_area,centroid_0,centroid_1,major_axis_length,minor_axis_length,label
0,407746,2560.658946290545,-1.5657360825215068,0.6796479137271229,410583,283.4630284539885,384.3943067497903,859.2671223323329,630.3055056973532,image_let43.BMP
