,area,perimeter,orientation,eccentricity,convex_area,centroid_0,centroid_1,major_axis_length,minor_axis_length,label
0,87415,1348.9635995422902,1.4880996671549243,0.7011938771585327,96118,140.7501115369216,319.6959675112967,407.80737953943003,290.7546921429867,image_svar98.BMP
1,114740,1988.190042307233,1.5460828974059744,0.8931022010242975,138337,451.81861600139445,305.05047062924876,609.2575156913166,274.07682022656707,image_svar98.BMP
2,1256,149.01828996322962,0.436686488886567,0.6250930344902629,1347,477.4418789808917,664.96974522293,46.108208210004165,35.98977360653808,image_svar98.BMP
