,area,perimeter,orientation,eccentricity,convex_area,centroid_0,centroid_1,major_axis_length,minor_axis_length,label
0,157018,2223.564717350316,1.275037946418479,0.8872932112538167,190856,169.36376721140252,457.6197888140213,697.7554174392071,321.80882077556515,image_cyl30.BMP
