,area,perimeter,orientation,eccentricity,convex_area,centroid_0,centroid_1,major_axis_length,minor_axis_length,label
0,90280,1166.5554826343268,0.08184104077752406,0.42679101145427756,91118,283.31909614532566,356.45744350908285,359.0272192969167,324.68636701453096,image_super17.BMP
