,area,perimeter,orientation,eccentricity,convex_area,centroid_0,centroid_1,major_axis_length,minor_axis_length,label
0,92630,1237.7686860699232,-0.09799732938940729,0.38914415976663597,95797,324.45692540213753,409.3119075893339,361.6869570561346,333.17765845078986,image_inter41.BMP
1,2749,198.75230867899737,1.1971444130082896,0.27021616673813986,2823,178.68570389232448,729.6151327755548,60.40472939915725,58.15765411796547,image_inter41.BMP
