,area,perimeter,orientation,eccentricity,convex_area,centroid_0,centroid_1,major_axis_length,minor_axis_length,label
0,5241,267.6223663640862,1.4738328388128898,0.5570543210021998,5283,106.49265407365007,306.23983972524326,89.67961097472076,74.47676983449996,image_let09.BMP
1,87433,2312.2043276571053,1.1997198635143143,0.825981804432118,137701,282.97691946976545,260.97217297816616,576.0609402322608,324.7236965636906,image_let09.BMP
2,5913,288.0071426749364,-1.2164357450667054,0.5583089339255701,5986,244.41383392524946,616.2966345340775,95.33579759606299,79.09373638505328,image_let09.BMP
