,area,perimeter,orientation,eccentricity,convex_area,centroid_0,centroid_1,major_axis_length,minor_axis_length,label
0,412024,2559.989898732233,1.5702477708965332,0.6793749449351788,413345,283.6612842941188,383.48175591713107,863.95267586823,633.9609643686,image_cyl32.BMP
