,area,perimeter,orientation,eccentricity,convex_area,centroid_0,centroid_1,major_axis_length,minor_axis_length,label
0,262262,2588.0966799187804,1.270567040860451,0.8370461737565132,298147,356.1721179583775,320.2050773653827,828.1289870265045,453.09607899639775,image_mod60.BMP
