,area,perimeter,orientation,eccentricity,convex_area,centroid_0,centroid_1,major_axis_length,minor_axis_length,label
0,130388,1820.8296526140218,0.9961117449007111,0.9225853238685846,149710,205.2425146485873,282.29446728226526,686.7476068424618,264.9424918770018,image_mod45.BMP
1,20507,653.4579361637687,-0.12910437097800567,0.781727521073738,22557,386.19881016238355,60.77056614814454,216.7318660640931,135.15835731459606,image_mod45.BMP
