,area,perimeter,orientation,eccentricity,convex_area,centroid_0,centroid_1,major_axis_length,minor_axis_length,label
0,68617,1416.0468606629752,-1.2378014120158725,0.8463993912841232,81485,117.46610898173923,365.8314994826355,434.05598084007346,231.15592899140955,image_let88.BMP
1,2718,211.1959594928933,-1.2411643598086233,0.6242721991135721,2817,124.37711552612215,695.5621780721118,67.10410108930164,52.422186823889504,image_let88.BMP
2,22755,786.2518754031087,-0.3022069784226236,0.8626314430968071,27599,301.89707756537024,525.0309822017139,259.4438868995572,131.23527181815055,image_let88.BMP
3,10950,396.3746750430835,-1.2393962678493737,0.34110389784129885,11116,299.4675799086758,343.41150684931506,122.08765851354532,114.76552459109116,image_let88.BMP
4,4235,265.72287142747456,0.6875268136253234,0.7566025837194721,4427,385.12561983471073,192.88595041322313,91.37018471083911,59.74468055374643,image_let88.BMP
