,area,perimeter,orientation,eccentricity,convex_area,centroid_0,centroid_1,major_axis_length,minor_axis_length,label
0,163771,1933.409342397239,0.9100031587475901,0.868812186453365,183821,207.36061940148133,310.81106545114824,692.2993998335976,342.7863587823772,image_inter30.BMP
