,area,perimeter,orientation,eccentricity,convex_area,centroid_0,centroid_1,major_axis_length,minor_axis_length,label
0,60458,1354.2295808265221,-0.03502164888220361,0.9463236938476456,78346,221.37434251877337,671.9859406530153,536.4223109465589,173.38266667922264,image_let79.BMP
1,49477,1308.9818895055196,0.2693534976661707,0.958650043822398,63147,318.0154819411039,307.54611233502436,504.5947960707807,143.60141436697984,image_let79.BMP
2,11856,475.9655121145938,0.054987671437220706,0.9076484266709658,12122,331.7606275303644,41.55372807017544,191.62840342953243,80.43243189451643,image_let79.BMP
