,area,perimeter,orientation,eccentricity,convex_area,centroid_0,centroid_1,major_axis_length,minor_axis_length,label
0,26666,888.5300499961606,1.5566096533129192,0.8125078679738312,31344,145.82727068176703,388.74548113702843,250.07769310405658,145.78284738807633,image_mod48.BMP
1,3510,286.69343417595167,-0.3980331025886533,0.8921063890163127,4003,145.06894586894586,597.5222222222222,103.85774588967338,46.92556741777513,image_mod48.BMP
2,107338,1715.1727983645296,-1.3277894340223633,0.7535032704847596,118850,417.4240436751197,242.31564776686727,467.405241677485,307.2928457302241,image_mod48.BMP
